depth,MSA-8,MSA-10,MSA-12,MSA-14,MSA-16,MSA-20,MSA-30,MSA-32,MSA-36,MSA-38,MSA-39,MSA-40,MSA-41,MSA-42,MSA-43,MSA-46,MSA-48,MSA-49,MSA-50
12.0,,,,,,,,,,,,,,,,,,15.487,
13.5,,,,,,,,12.395,,,,,,,,,,11.5235,
15.0,,,,,,,14.834,12.336500000000001,,,,,,,,,,7.56,
16.0,,,,,,,12.084999999999999,12.278,,,,,,,,,,10.573,
17.0,,,,,,,9.335999999999999,20.498,,,,,,,17.876,,,13.586,
18.0,,,,,,,6.587,28.718000000000004,,,,,,,20.13325,,,16.599,
18.5,,,,,,,6.743,36.938,,,,,,,22.390500000000003,22.399,,15.80125,
19.0,,,,,,,6.899,45.158,,,,,,,24.647750000000002,24.01325,,15.003499999999999,
20.0,,,,,,,7.055,34.9815,,,,10.864,,,26.905,25.6275,14.3196684138931,14.20575,
21.0,,,,,,,7.211,24.805,,,,14.677,,,26.149,27.241750000000003,14.32405393944305,13.408,
21.5,,,,,,,7.19825,14.628499999999999,,,,18.490000000000002,,,25.393,28.856,14.328439464993,15.93625,
22.0,,,,,,,7.1855,4.452,,,,22.303,,,24.637,27.23025,16.20075443972935,18.4645,
23.0,,,,,,,7.172750000000001,4.00975,,,,26.116,,,23.881,25.6045,18.0730694144657,20.99275,
24.0,,,,,,,7.16,3.5675,,,,25.34875,,,21.29075,23.97875,20.59635207425885,23.521,
24.5,,,,,,,6.50075,3.12525,,,,24.5815,,,18.700499999999998,22.353,23.119634734052,25.554000000000002,
25.0,,,,,,,5.8415,2.683,,,,23.81425,,,16.11025,25.790200000000002,24.54854411174795,27.587,
26.0,,,,,,,5.18225,4.02025,,,,23.047,,,13.52,29.227400000000003,25.9774534894439,29.619999999999997,
27.0,,,,,,,4.523,5.3575,,,,19.6985,,,14.085749999999999,32.6646,27.158774112083,31.653,17.993
27.5,,,,,,,5.08425,6.69475,,,,16.35,,,14.651499999999999,36.1018,28.3400947347221,29.91,18.215249999999997
28.0,,,,,,,5.6455,8.032,,,,13.0015,,,15.21725,39.539,28.36814920985855,28.167,18.4375
29.0,,,,,,,6.2067499999999995,9.443249999999999,,,,9.653,,,15.783,37.49325,28.396203684995,26.424,18.659750000000003
30.0,,,,,,,6.768,10.8545,,,,9.56625,,7.515,16.943749999999998,35.447500000000005,28.23127053221785,24.681,18.882
30.5,,,,,,,8.50925,12.26575,,,,9.4795,,10.916,18.104499999999998,33.40175,28.0663373794407,23.784,22.362000000000002
31.0,,,,,,,10.2505,13.677,,,,9.39275,26.517,14.317,19.265249999999998,31.356,28.8759040112283,22.887,25.842
32.0,,11.751,,,,,11.99175,13.7165,,,,9.306,24.3278,17.718,20.426,30.937250000000002,29.6854706430159,21.990000000000002,29.322
33.0,,14.84975,,,,27.64,13.733,13.756,,,,10.0415,22.1386,21.119,20.6195,30.518500000000003,32.17641072597185,21.093,32.802
33.5,,17.9485,,,,28.598,14.193750000000001,13.7955,,,,10.777,19.949399999999997,20.210250000000002,20.813,30.09975,34.6673508089278,21.331,32.5665
34.0,,21.04725,,,,29.556,14.6545,13.835,,,,11.5125,17.760199999999998,19.3015,21.0065,29.681,33.35602598129075,21.569000000000003,32.331
35.0,,24.146,,,,30.514000000000003,15.11525,14.162,,,,12.248,15.571,18.39275,21.2,29.192500000000003,32.0447011536537,21.807000000000002,32.0955
36.0,,22.57025,,14.082,,31.472,15.576,14.489,20.682,14.926,,10.136,30.9955,17.484,21.01025,28.704,36.4110570075485,22.045,31.86
36.5,,20.994500000000002,,14.672,,27.50225,15.2405,14.816,19.696749999999998,15.465857142857143,,8.024,46.42,16.5455,20.8205,28.2155,40.7774128614433,27.1085,40.163
37.0,,19.41875,,15.262,,23.5325,14.905000000000001,15.143,18.7115,16.005714285714284,,5.911999999999999,61.844500000000004,15.607000000000001,20.63075,27.727,34.90507763721545,32.172,48.466
38.0,,17.843,,15.852,,19.56275,14.5695,16.06775,17.72625,16.545571428571428,12.831,3.8,77.269,14.668500000000002,20.441,29.27475,29.0327424129876,37.2355,56.769000000000005
39.0,,19.445,,16.442,,15.593,14.234,16.9925,16.741,17.085428571428572,14.756,3.432,65.13900000000001,13.73,22.2625,30.822499999999998,23.672827798517147,42.299,65.072
39.5,,21.047,,17.70775,,15.48125,15.20325,17.91725,18.25325,17.625285714285713,16.680999999999997,3.064,53.009,21.132,24.084,32.37025,18.3129131840467,44.5925,64.3435
40.0,,22.649,,18.9735,,15.3695,16.1725,18.842,19.7655,18.165142857142854,18.605999999999998,2.6959999999999997,40.879,28.534,25.9055,33.918,17.97637326083245,46.885999999999996,63.615
41.0,,24.251,,20.23925,,15.257750000000001,17.141750000000002,19.783749999999998,21.277749999999997,18.705,20.531,2.328,28.749,35.936,27.727,28.465249999999997,17.6398333376182,49.1795,62.8865
42.0,,23.737750000000002,,21.505,,15.146,18.111,20.7255,22.79,18.267444444444443,20.12375,2.55325,27.69275,43.338,25.02025,23.0125,17.2695509753579,51.473,62.158
42.5,,23.2245,,21.78625,,15.361142857142857,17.811,21.667250000000003,23.99375,17.82988888888889,19.7165,2.7785,26.636499999999998,40.1405,22.313499999999998,17.55975,16.8992686130976,42.8365,60.0795
43.0,,22.71125,,22.0675,,15.576285714285715,17.511000000000003,22.609,25.197499999999998,17.392333333333333,19.30925,3.00375,25.58025,36.943,19.606749999999998,12.107,17.1885266349711,34.2,58.001000000000005
44.0,,22.198,7.999,22.34875,,15.791428571428572,17.211000000000002,23.877000000000002,26.40125,16.954777777777778,18.902,3.229,24.524,33.7455,16.9,12.512,17.4777846568446,25.563499999999998,55.9225
45.0,,20.971,8.0412,22.63,,16.00657142857143,16.911,25.145000000000003,27.605,16.517222222222223,19.031000000000002,7.9082,22.5428,30.548,15.346599999999999,12.917,19.5246901695023,16.927,53.844
45.5,,19.744,8.083400000000001,20.9722,,16.221714285714288,17.0366,26.413,26.9988,16.079666666666665,19.16,12.587399999999999,20.561600000000002,26.321399999999997,13.793199999999999,13.322,21.57159568216,17.0058,54.808
46.0,,18.517,8.1256,19.3144,,16.436857142857143,17.162200000000002,27.681,26.3926,15.64211111111111,19.289,17.2666,18.5804,22.0948,12.239799999999999,13.727,23.296842004324834,17.084600000000002,55.772
46.5,,17.29,8.1678,17.656599999999997,22.653,16.652,17.2878,28.7692,25.7864,15.204555555555554,19.418,21.9458,16.5992,17.8682,10.686399999999999,14.185,25.02208832648967,17.1634,56.736000000000004
47.0,,16.063,8.21,15.9988,19.816,16.86714285714286,17.413400000000003,29.857400000000002,25.180200000000003,14.767,19.547,26.625,14.618,13.6416,9.133,14.643,26.7473346486545,17.2422,57.7
48.0,,14.397599999999999,9.9718,14.341,16.979,17.082285714285714,17.539,30.9456,24.574,14.447799999999999,18.1442,25.731,13.8162,9.415,9.5346,15.100999999999999,28.0845960379113,17.321,58.664
48.5,,12.732199999999999,11.7336,14.7738,14.142,17.297428571428572,15.432200000000002,32.0338,24.5504,14.128599999999999,16.7414,24.837,13.0144,9.040999999999999,9.9362,15.559,29.4218574271681,17.3582,59.628
49.0,,11.0668,13.4954,15.2066,11.305,17.51257142857143,13.3254,33.122,24.5268,13.8094,15.3386,23.943,12.2126,8.667,10.3378,16.017,30.160087144502732,17.395400000000002,48.2905
49.5,,9.4014,15.2572,15.639399999999998,8.468,17.727714285714285,11.218599999999999,31.785,24.5032,13.4902,13.9358,23.049,11.4108,8.293,10.7394,14.6546,30.898316861837365,17.4326,36.953
50.0,,7.736,17.019,16.0722,8.9996,17.942857142857143,9.111799999999999,30.448,24.4796,13.171,12.533,22.155,10.609,7.919,11.141,13.2922,31.636546579172,17.469800000000003,25.615499999999997
51.0,,7.0832,14.241599999999998,16.505,9.5312,18.158,7.005,29.111,24.456,13.097999999999999,19.4238,22.3322,10.5398,7.545,13.9626,11.9298,30.52731062316385,17.507,14.278
51.5,,6.430400000000001,11.464199999999998,16.893,10.0628,20.4902,6.3654,27.774,21.3266,13.024999999999999,26.3146,22.5094,10.4706,7.9676,16.7842,10.5674,29.4180746671557,18.467000000000002,12.6372
52.0,16.905,5.7776000000000005,8.6868,17.281,10.5944,22.822400000000002,5.7258,26.437,18.1972,12.952,33.205400000000004,22.686600000000002,10.4014,8.3902,19.6058,9.205,29.61613197351817,19.427,10.996400000000001
52.5,14.1148,5.1248000000000005,5.9094,17.669,11.126,25.1546,5.0862,24.942,15.0678,12.879,40.0962,22.8638,10.3322,8.8128,22.4274,8.9172,29.814189279880633,20.387,9.3556
53.0,11.3246,4.472,3.132,18.057,10.556,27.4868,4.4466,23.447,11.9384,12.806,46.987,23.041,10.263,9.2354,25.249,8.6294,30.0122465862431,21.346999999999998,7.7148
54.0,8.534400000000002,5.267250000000001,3.99375,18.445,9.986,29.819,3.807,21.951999999999998,8.809,11.835749999999999,37.651250000000005,23.616,10.3875,9.658,27.683,8.3416,30.6971468081267,22.307,6.074
54.5,5.744200000000001,6.0625,4.8555,17.70275,9.416,27.70175,6.3835,20.457,8.7432,10.8655,28.3155,24.191000000000003,10.512,9.95125,30.116999999999997,8.0538,31.3820470300103,19.362499999999997,12.13825
55.0,2.954,6.857749999999999,5.71725,16.9605,12.245333333333333,25.5845,8.959999999999999,18.962,8.6774,9.89525,18.97975,24.766000000000002,10.6365,10.244499999999999,32.551,7.766,30.8742985015559,16.418,18.2025
56.0,3.6147500000000004,7.653,6.579,16.21825,15.074666666666666,23.46725,11.5365,19.0615,8.6116,8.925,9.644,25.341,10.761,10.537749999999999,34.985,7.9855,30.3665499731015,13.4735,24.266749999999995
57.0,4.2755,10.10675,8.532,15.476,17.904,21.35,14.113,19.161,8.5458,7.914250000000001,9.16775,24.656,11.773,10.831,35.31975,8.205,30.64359243285215,10.529,30.331
57.5,4.93625,12.560500000000001,10.485,15.3445,16.0775,21.51,16.42025,19.2605,8.48,6.9035,8.6915,23.971,12.785,12.74875,35.6545,8.4245,30.9206348926028,14.649750000000001,26.444499999999998
58.0,5.597,15.01425,12.437999999999999,15.213000000000001,14.251000000000001,21.67,18.7275,19.36,7.69,5.8927499999999995,8.21525,23.286,13.796999999999999,14.6665,35.98925,8.644,31.24951623273075,18.7705,22.558
59.0,4.852,17.468,14.391,15.0815,12.4245,21.83,21.03475,15.835999999999999,6.9,4.882,7.739,22.601,14.809,16.584249999999997,36.324,11.522,31.5783975728587,22.89125,18.6715
60.0,4.107,24.73025,14.60125,14.95,10.598,21.99,23.342,12.312,6.11,4.75125,9.718,20.47025,17.720499999999998,18.502,36.333,14.399999999999999,31.533524077121,27.012,14.785
60.5,3.362,31.9925,14.811499999999999,20.51975,11.791250000000002,2232.7715,20.27125,8.788,9.214500000000001,4.6205,11.697,18.3395,20.631999999999998,21.732999999999997,36.342,17.278,31.4886505813833,26.32675,16.12375
61.0,2.617,39.25475,15.021749999999999,26.0895,12.9845,4443.553,17.200499999999998,5.264,12.318999999999999,4.48975,13.675999999999998,16.20875,23.543499999999998,24.964,36.351,20.156,30.37010391058095,25.6415,17.4625
62.0,2.60175,46.517,15.232,31.65925,14.17775,6654.3345,14.12975,6.008,15.4235,4.359,15.655,14.078,26.455,28.195,36.36,22.3935,29.2515572397786,24.95625,18.80125
63.0,2.5865,42.286750000000005,17.099,37.229,15.371,8865.116,11.059,6.752000000000001,18.528,6.609500000000001,15.00975,11.207749999999999,25.689749999999997,31.426,33.3105,24.631,28.83046147385765,24.271,20.14
63.5,2.57125,38.0565,18.966,39.5245,17.7765,6662.807,11.541333333333332,7.496,20.38975,8.86,14.3645,8.337499999999999,24.9245,30.195249999999998,30.261,26.8685,28.4093657079367,24.457,22.907
64.0,2.556,33.82625,20.833,41.82,20.182,4460.498,12.023666666666665,8.24,22.2515,11.1105,13.719249999999999,5.46725,24.15925,28.9645,27.2115,29.106,29.013230664801853,24.643,25.674
65.0,3.67,29.596,22.7,44.1155,22.5875,2258.1889999999994,12.506,9.70275,24.11325,13.361,13.074,2.597,23.394,27.73375,24.162,29.339750000000002,29.617095621667,24.829,28.441
66.0,4.784,26.598,22.242,46.411,24.993,55.88,12.988333333333333,11.1655,25.975,13.5275,14.282,5.5945,35.435,26.503,24.00125,29.573500000000003,30.44723703256585,25.015,31.208
66.5,5.898,23.6,21.784,44.597750000000005,23.93725,47.109,13.470666666666666,12.62825,22.83175,13.693999999999999,15.489999999999998,8.592,47.476,27.733,23.8405,29.80725,31.2773784434647,26.62475,32.455
67.0,7.012,20.602,21.326,42.7845,22.8815,38.338,13.953,14.091,19.6885,13.8605,16.698,11.5895,59.517,28.963,23.67975,30.041,28.6605649174032,28.2345,33.702
68.0,6.774249999999999,17.604,20.868,40.97125,21.82575,29.567,14.160499999999999,13.084,16.54525,14.027,17.906,14.587,71.558,30.192999999999998,23.519,34.87775,26.0437513913417,29.844250000000002,34.949
69.0,6.5365,15.96825,20.41,39.158,20.77,20.796,14.367999999999999,12.077,13.402,14.595749999999999,17.176,16.719,59.70225000000001,31.423,25.991999999999997,39.7145,23.3905523006793,31.454,36.196
69.5,6.29875,14.3325,19.951999999999998,35.829750000000004,20.1655,17.9315,14.5755,11.07,13.303999999999998,15.1645,16.445999999999998,18.851,47.846500000000006,26.896749999999997,28.465,44.551249999999996,20.7373532100169,28.277250000000002,41.11125
70.0,6.061,12.69675,19.494,32.5015,19.561,15.067,14.783,10.063,13.206,15.73325,15.716000000000001,20.982999999999997,35.990750000000006,22.3705,30.938000000000002,49.388,18.289931467052998,25.1005,46.0265
71.0,11.3035,11.061,19.036,29.17325,18.9565,12.202499999999999,18.33175,11.833,13.108,16.302,14.986,23.115,24.135,17.844250000000002,33.411,45.77225,15.8425097240891,21.92375,50.94175
72.0,16.546,11.518625,18.578,25.845,18.352,9.338,21.8805,13.603000000000002,13.01,16.6725,18.95475,20.135749999999998,24.6185,13.318,35.84925,42.156499999999994,13.1527696412188,18.747,55.857
72.5,21.7885,11.97625,18.119999999999997,22.973499999999998,20.9345,21.36525,25.429250000000003,15.373000000000001,12.899750000000001,17.043,22.9235,17.1565,25.102,18.38375,38.2875,38.540749999999996,10.4630295583485,16.51175,50.304
73.0,27.031,12.433875,17.662,20.102,23.517,33.3925,28.978,17.143,12.7895,17.4135,26.89225,14.17725,25.5855,23.4495,40.725750000000005,34.925,11.0917173300955,14.276499999999999,44.751000000000005
74.0,27.93425,12.8915,17.204,17.2305,26.0995,45.41975,24.69975,19.15625,12.67925,17.784,30.861,11.198,26.069,28.51525,43.164,28.140499999999996,11.7204051018425,12.04125,39.198
75.0,28.8375,13.349125,16.746,14.359,28.682,57.447,20.4215,21.1695,12.569,16.775,29.64425,12.22875,26.63275,33.581,34.72825,21.355999999999998,13.433878756441551,9.806,33.645
75.5,29.74075,13.80675,16.288,15.04275,29.537,117.062,16.143250000000002,23.182750000000002,11.3025,15.765999999999998,28.427500000000002,13.2595,27.1965,339.28625000000005,26.2925,14.5715,15.1473524110406,10.710749999999999,27.77975
76.0,30.644,14.264375,15.83,15.726500000000001,30.391999999999996,176.677,11.865,25.196,10.036000000000001,14.757,27.21075,14.29025,27.76025,644.9915000000001,17.856749999999998,7.787,16.82752682957405,11.6155,21.9145
77.0,26.448999999999998,14.722,15.372,16.41025,31.246999999999996,236.29199999999997,13.60575,23.02675,8.7695,13.748,25.994,15.321,28.324,950.6967500000002,9.421,6.9795,18.5077012481075,12.52025,16.04925
78.0,22.253999999999998,13.8155,12.762,17.094,32.102,295.907,15.346499999999999,20.8575,7.503,12.831999999999999,22.191,17.25125,22.4845,1256.402,11.22425,6.172000000000001,19.75094735806115,13.425,10.184
78.5,18.059,12.908999999999999,10.152000000000001,17.4985,28.813,227.66125,17.087249999999997,18.68825,8.49525,11.916,18.387999999999998,19.1815,16.645000000000003,947.6755,13.0275,5.3645000000000005,20.9941934680148,14.414000000000001,10.7945
79.0,13.864,12.0025,7.542,17.903,25.524,159.41549999999998,18.828,16.519,9.4875,11.0,14.585,21.11175,10.805500000000002,638.9490000000001,14.83075,4.557,22.25614545150355,15.403,11.405
80.0,12.49775,11.096,4.932,18.3075,22.235,91.16974999999996,18.4625,15.850999999999999,10.47975,10.084,10.782,23.042,4.966,330.2225000000001,16.634,5.460750000000001,23.5180974349923,16.392,12.0155
81.0,11.131499999999999,10.379999999999999,4.85525,18.712,18.946,22.924,18.097,15.183,11.472,10.220625,8.89025,21.16825,6.19875,21.496,16.79975,6.3645000000000005,24.66157672002555,17.381,12.626
81.5,9.76525,9.664,4.7785,19.53475,18.83475,24.721,17.7315,14.514999999999999,14.25775,10.35725,6.9985,19.2945,7.4315,18.43,16.9655,7.26825,25.8050560050588,18.2735,14.19225
82.0,8.399,8.948,4.7017500000000005,20.3575,18.7235,26.518,17.366,13.847,17.043499999999998,10.493875,5.10675,17.42075,8.66425,15.363999999999999,17.13125,8.172,28.157662240443898,19.166,15.758499999999998
83.0,7.2395,8.232,4.625,21.18025,18.612250000000003,28.314999999999998,25.512999999999998,14.626,19.82925,10.6305,3.215,15.547,9.897,12.297999999999998,17.297,8.896,30.510268475829,20.058500000000002,17.324749999999998
84.0,6.08,7.769499999999999,6.856,22.003,18.501,30.112,33.66,15.405000000000001,22.615,10.767125,15.815249999999999,15.993,19.771,9.232,17.86225,9.620000000000001,29.61380892997165,20.951,18.891
84.5,4.9205,7.3069999999999995,9.087,19.932,18.187,26.15025,41.807,16.184,19.727,10.903749999999999,28.415499999999998,16.439,29.645000000000003,12.21375,18.427500000000002,10.344,28.7173493841143,19.5265,19.023999999999997
85.0,3.761,6.8445,11.318,17.861,17.873,22.188499999999998,49.954,16.963,16.839,11.040375,41.01575,16.884999999999998,39.519,15.1955,18.99275,11.068,29.1906128525429,18.102,19.156999999999996
86.0,4.038,6.382,13.549,15.79,17.559,18.22675,40.92475,17.10575,13.951,11.177,53.616,17.331,49.393,18.17725,19.558,11.1655,29.6638763209715,16.677500000000002,19.29
87.0,4.3149999999999995,6.629,14.73225,13.719,17.245,14.265,31.8955,17.2485,11.063,9.7605,50.16675,18.67125,46.22325,21.159,23.0685,11.263,29.62283443941585,15.253,19.423
87.5,4.592,6.8759999999999994,15.9155,13.358749999999999,16.490000000000002,15.089,22.866249999999997,17.39125,10.68275,8.344,46.7175,20.011499999999998,43.0535,20.10875,26.579,11.3605,29.5817925578602,15.8155,18.387249999999998
88.0,4.869,7.123,17.09875,12.9985,15.735,15.913,13.837,17.534,10.3025,6.9275,43.26825,21.35175,39.88375,19.0585,30.0895,11.458,29.3357915537699,16.378,17.351499999999998
89.0,5.345,7.37,18.282,12.63825,14.98,16.737000000000002,13.37525,17.351499999999998,9.92225,5.511,39.819,22.692,36.714,18.008249999999997,33.6,11.248000000000001,29.0897905496796,16.9405,16.315749999999998
90.0,5.821,8.90675,15.1745,12.277999999999999,14.225,17.561,12.913499999999999,17.168999999999997,9.542,6.07025,37.44375,21.98825,31.51925,16.958,30.628500000000003,11.038,28.175738400541448,17.503,15.28
90.5,6.297,10.4435,12.067,11.91775,12.78825,16.2785,12.45175,16.9865,14.56325,6.6295,35.0685,21.2845,26.3245,15.921999999999999,27.657,10.828,27.2616862514033,17.74925,15.553749999999999
91.0,6.773,11.98025,8.9595,11.5575,11.3515,14.995999999999999,11.99,16.804,19.5845,7.18875,32.69325,20.58075,21.12975,14.886,24.685499999999998,10.618,27.1545153416076,17.9955,15.8275
92.0,7.60875,13.517,5.852,11.19725,9.91475,13.7135,12.756499999999999,17.784,24.60575,7.747999999999999,30.318,19.877,15.935,13.85,21.714,14.645,27.0473444318119,18.24175,16.10125
93.0,8.4445,16.45325,6.945125,10.837,8.478,12.431,13.523,18.764,29.627,8.30725,29.194375,20.8465,15.599,12.814,18.135749999999998,18.671999999999997,27.5317204074153,18.488,16.375
93.5,9.280249999999999,19.389499999999998,8.03825,11.44725,8.8635,12.93,14.2895,19.744,27.98875,8.866499999999998,28.07075,21.816,15.263,14.32775,14.5575,22.698999999999998,28.0160963830187,19.169,18.2155
94.0,10.116,22.32575,9.131375,12.057500000000001,9.248999999999999,13.428999999999998,15.056,20.724,26.3505,9.425749999999999,26.947125,22.7855,14.927,15.8415,10.97925,26.726,28.34153851131055,19.85,20.055999999999997
95.0,9.3515,25.262,10.224499999999999,12.66775,9.6345,13.927999999999999,14.8905,20.329250000000002,24.71225,9.985,25.823500000000003,23.755,14.591,17.355249999999998,7.401,25.2145,28.6669806396024,20.531,21.8965
96.0,8.587,25.33875,11.317625,13.278,10.02,14.427,14.725,19.9345,23.074,14.436499999999999,24.699875,20.558,12.757,18.869,9.04975,23.703,28.92298659007605,21.212,23.737
96.5,7.8225,25.4155,12.41075,13.33975,10.229,16.881999999999998,14.5595,19.539749999999998,21.47775,18.887999999999998,23.57625,17.361,10.923,15.725999999999999,10.6985,22.191499999999998,29.1789925405497,22.62,23.411749999999998
97.0,7.058,25.49225,13.503875,13.4015,10.437999999999999,19.337,14.394,19.145,19.881500000000003,23.3395,22.452625,14.164,9.088999999999999,12.583,12.34725,20.68,30.29590756382145,24.028,23.0865
98.0,7.920249999999999,25.569,14.597,13.46325,10.647,21.792,14.49475,18.5265,18.28525,27.791,21.329,10.967,7.255,9.440000000000001,13.996,18.66725,31.4128225870932,25.436,22.76125
99.0,8.782499999999999,26.466749999999998,15.690125,13.525,10.856,24.247,14.595500000000001,17.908,16.689,23.77,19.277250000000002,10.61,10.659500000000001,6.297,16.080000000000002,16.6545,31.967058514236896,26.844,22.436
99.5,9.64475,27.3645,16.78325,12.2445,11.31,20.559,14.696250000000001,17.2895,16.39375,19.749000000000002,17.2255,10.253,14.064,7.78975,18.164,14.64175,32.5212944413806,26.92,22.1735
100.0,10.507,28.26225,17.876375,10.964,11.764,16.871,14.797,16.671,16.0985,15.728000000000002,15.17375,9.896,17.468500000000002,9.2825,20.248,12.629,33.48489909488755,26.996000000000002,21.911
101.0,15.8065,29.16,18.9695,9.6835,12.218,13.183,14.423,15.69975,15.803249999999998,11.707,13.122,9.539,20.873,10.77525,22.332,12.5365,34.4485037483945,27.072,21.6485
102.0,21.106,28.21825,20.062624999999997,8.403,12.672,9.495,14.049,14.7285,15.508,12.47025,11.572,10.9765,20.0505,12.268,21.929000000000002,12.443999999999999,35.28889282124395,27.148,21.386
102.5,26.4055,27.2765,21.155749999999998,8.405750000000001,12.787500000000001,9.19625,13.675,13.757249999999999,17.25775,13.2335,10.022,12.414,19.228,12.94975,21.526,12.3515,36.1292818940934,29.0995,21.64425
103.0,31.705,26.33475,22.248874999999998,8.4085,12.903,8.8975,13.301,12.786,19.0075,13.99675,8.472,13.8515,18.4055,13.631499999999999,21.122999999999998,12.259,40.26223604614555,31.051000000000002,21.9025
104.0,29.630499999999998,25.393,23.342,8.411249999999999,13.0185,8.59875,13.623000000000001,12.548,20.75725,14.76,6.922,15.289,17.583,14.31325,20.72,13.795,44.3951901981977,33.0025,22.16075
105.0,27.555999999999997,25.22875,21.642,8.414,13.134,8.3,13.945,12.309999999999999,22.507,18.15175,13.53875,16.919999999999998,16.85725,14.995,20.7805,15.331,46.54260857008605,34.954,22.419
105.5,25.4815,25.064500000000002,19.942,8.7305,13.3335,8.60125,14.267,12.072,22.375,21.5435,20.1555,18.551,16.1315,15.244499999999999,20.841,16.866999999999997,48.6900269419744,35.649,23.088
106.0,23.407,24.90025,18.242,9.047,13.533000000000001,8.9025,14.589,11.834,22.243000000000002,24.935250000000003,26.772250000000003,20.182,15.40575,15.494,20.9015,18.403,48.7562543659314,36.344,23.756999999999998
107.0,22.61025,24.736,16.542,9.3635,13.7325,9.203750000000001,13.840250000000001,12.031749999999999,22.111,28.327,33.389,21.813,14.68,15.743500000000001,20.962,19.6385,48.8224817898884,37.039,24.426
108.0,21.813499999999998,22.1505,15.22625,9.68,13.932,9.505,13.0915,12.2295,21.979,29.412750000000003,33.5705,21.012,15.62575,15.993,21.3935,20.874,47.068654695381596,37.734,25.095
108.5,21.01675,19.565,13.9105,10.52475,12.8985,9.18125,12.342749999999999,12.42725,24.7245,30.4985,33.752,20.211,16.5715,20.56225,21.825,22.109499999999997,45.3148276008748,36.691500000000005,22.396
109.0,20.22,16.9795,12.594750000000001,11.369499999999999,11.865,8.857500000000002,11.594,12.625,27.47,31.58425,33.9335,19.41,17.51725,25.131500000000003,22.2565,23.345,41.78865360170495,35.649,19.697
110.0,23.235999999999997,14.394,11.279,12.21425,10.8315,8.533750000000001,10.28825,12.003,30.2155,32.67,34.115,18.609,18.463,29.70075,22.688,23.06225,38.2624796025351,34.6065,16.997999999999998
111.0,26.252,13.6525,10.53575,13.059,9.798,8.21,8.9825,11.381,32.961,30.474,32.344,17.2005,18.32275,34.27,21.645249999999997,22.7795,36.644794205465004,33.564,14.299
111.5,29.268,12.911000000000001,9.7925,13.45575,9.10825,7.800000000000001,7.67675,10.759,29.933,28.278,30.573,15.792000000000002,18.1825,37.618750000000006,20.6025,22.49675,35.0271088083949,32.6565,13.37425
112.0,32.284,12.169500000000001,9.049249999999999,13.8525,8.4185,7.390000000000001,6.371,10.137,26.905,26.082,28.802,14.3835,18.042250000000003,40.9675,19.55975,22.214,31.9177543932427,31.749000000000002,12.4495
113.0,32.662,11.428,8.306,14.24925,7.72875,6.98,6.84375,11.0685,23.877,23.886,27.031,12.975,17.902,44.31625,18.517,20.2925,28.8083999780905,30.8415,11.52475
114.0,33.04,11.805250000000001,8.40425,14.646,7.039,6.57,7.3165000000000004,12.0,20.849,20.91425,27.1535,12.317,15.839500000000001,47.665,17.37425,18.371,24.4203567093981,29.934,10.6
114.5,33.418,12.182500000000001,8.5025,14.386000000000001,6.59875,6.6275,7.789250000000001,12.9315,18.7465,17.9425,27.276,11.658999999999999,13.777000000000001,48.24825,16.2315,16.4495,20.0323134407057,28.008000000000003,11.54975
115.0,33.796,12.55975,8.60075,14.126000000000001,6.1585,6.6850000000000005,8.262,13.863,16.644,14.97075,27.3985,11.001,11.7145,48.8315,15.08875,14.528,16.4306794167497,26.082,12.4995
116.0,30.737,12.937,8.699,13.866,5.718249999999999,6.7425,8.497,12.865499999999999,14.5415,11.999,27.521,10.343,9.652,49.41475,13.946,13.87475,12.8290453927937,24.156,13.44925
117.0,27.677999999999997,13.121749999999999,8.78875,13.606,5.278,6.8,8.732,11.867999999999999,12.439,12.6235,26.099,8.805,10.056199999999999,49.998,14.32025,13.221499999999999,13.513935167564,22.23,14.399
117.5,24.619,13.3065,8.878499999999999,13.84325,6.082999999999999,6.505,8.967,10.8705,13.6645,13.248000000000001,24.677,7.2669999999999995,10.4604,41.188,14.6945,12.568249999999999,14.1988249423343,20.44925,13.393999999999998
118.0,21.56,13.49125,8.96825,14.0805,6.888,6.21,9.202,9.873,14.89,13.8725,23.255,5.729,10.8646,32.378,15.06875,11.915,13.29419310600095,18.6685,12.389
119.0,20.17125,13.676,9.058,14.31775,7.693,5.915,8.0945,9.393749999999999,16.1155,14.497,21.833,4.191,11.2688,23.568,15.443,12.15925,12.3895612696676,16.88775,11.384
120.0,18.7825,12.844000000000001,8.7805,14.555,8.498,5.62,6.987,8.9145,17.341,15.121500000000001,21.81225,4.819,11.673,14.758,14.5095,12.4035,11.73900253216495,15.107,10.379
120.5,17.393749999999997,12.012,8.503,762.781,8.812,6.32375,5.8795,8.43525,21.255000000000003,15.746,21.7915,5.447,13.87325,16.172,13.576,12.647749999999998,11.0884437946623,16.4915,9.47125
121.0,16.005,11.18,8.2255,1511.007,9.126,7.0275,4.772,7.956,25.169,16.3705,21.77075,6.075,16.0735,17.586,12.6425,12.892,10.457863728371496,17.875999999999998,8.5635
122.0,15.878499999999999,10.348,7.948,2259.2329999999997,9.44,7.73125,6.2455,7.98625,29.083,16.995,21.75,6.703,18.27375,19.0,11.709,12.840499999999999,9.82728366208069,19.2605,7.65575
123.0,15.751999999999999,10.142,7.656750000000001,3007.459,9.754,8.435,7.719,8.0165,32.997,17.321125000000002,21.92875,6.869,20.474,20.414,11.05175,12.789,11.886489215881294,20.645,6.748
123.5,15.6255,9.936,7.365500000000001,2288.4145,11.312,8.45375,9.1925,8.04675,31.982,17.64725,22.1075,7.035,20.011,20.1585,10.3945,12.7375,13.9456947696819,19.532,7.8500000000000005
124.0,15.499,9.73,7.07425,1569.37,12.870000000000001,8.4725,10.666,8.077,30.967,17.973375,22.28625,7.2010000000000005,19.548000000000002,19.903,9.73725,12.686,14.512221380507249,18.419,8.952
125.0,16.56725,9.524,6.783,850.3254999999999,14.428,8.49125,9.967500000000001,8.03075,29.952,18.299500000000002,22.465,7.367,19.085,19.6475,9.08,12.57325,15.0787479913326,17.306,10.054
126.0,17.6355,9.46725,6.742125000000001,131.281,15.986,8.51,9.269,7.984500000000001,28.937,18.625625,21.8005,6.78625,18.622,19.392,8.8015,12.4605,14.588377101376999,16.193,11.156
126.5,18.70375,9.410499999999999,6.70125,110.14975000000001,13.51675,8.8675,8.5705,7.93825,26.82675,18.95175,21.136,6.2055,17.48725,17.6085,8.523,12.34775,14.0980062114214,15.959750000000001,10.624
127.0,19.772,9.35375,6.660375,89.0185,11.0475,9.225,7.872,7.892,24.7165,19.277874999999998,20.4715,5.62475,16.3525,15.825,8.2445,12.235,15.3804452666412,15.726500000000001,10.092
128.0,18.407,9.297,6.6195,67.88725,8.57825,9.5825,7.08625,8.05275,22.60625,19.604,19.807,5.044,15.21775,14.0415,7.966,12.3245,16.662884321861,15.49325,9.56
129.0,17.041999999999998,9.102,6.578625000000001,46.756,6.109,9.94,6.3004999999999995,8.2135,20.496,17.9595,17.119999999999997,5.547499999999999,14.083,12.258,7.5145,12.414,16.0782276517009,15.26,9.028
129.5,15.677,8.907,6.537750000000001,41.4715,6.5195,9.969,5.51475,8.37425,19.11125,16.314999999999998,14.433,6.051,13.29125,11.32575,7.063000000000001,12.503499999999999,15.4935709815408,16.41325,8.69325
130.0,14.312,8.712,6.496875,36.187,6.93,9.998,4.729,8.535,17.7265,14.6705,11.745999999999999,6.5545,12.499500000000001,10.3935,6.6115,12.593,15.467381678152751,17.5665,8.3585
131.0,13.49475,8.517,6.456,30.9025,7.3405000000000005,10.027,5.59675,8.869250000000001,16.34175,13.026,9.059,7.058,11.70775,9.46125,6.16,12.21725,15.4411923747647,18.71975,8.02375
132.0,12.677499999999998,8.02525,6.94975,25.618,7.751,10.056,6.464499999999999,9.2035,14.957,11.67225,7.818,7.98675,10.916,8.529,6.32925,11.8415,16.028182324822552,19.873,7.689
132.5,11.860249999999999,7.5335,7.4435,23.527,8.5985,10.487499999999999,7.332249999999999,9.537749999999999,14.3725,10.3185,6.577,8.9155,10.80425,8.48775,6.4985,11.46575,16.6151722748804,19.70925,7.7325
133.0,11.043,7.0417499999999995,7.93725,21.436,9.446,10.919,8.2,9.872,13.788,8.964749999999999,5.335999999999999,9.844249999999999,10.692499999999999,8.4465,6.66775,11.09,17.320701784894553,19.5455,7.776
134.0,10.597,6.55,8.431,19.345,10.2935,11.3505,7.44375,10.128499999999999,13.2035,7.611,4.095,10.773,10.58075,8.40525,6.837,9.93325,18.0262312949087,19.38175,7.819500000000001
135.0,10.151,6.554,8.715499999999999,17.254,11.141,11.782,6.6875,10.385,12.619,7.5482499999999995,4.669499999999999,11.68475,10.469,8.364,7.466749999999999,8.7765,18.8996351365627,19.218,7.863
135.5,9.705,6.558,9.0,266.28925,11.38275,11.20025,5.9312499999999995,10.6415,12.482,7.4855,5.244,12.596499999999999,10.4095,8.419500000000001,8.096499999999999,7.61975,19.7730389782167,19.211750000000002,8.587
136.0,9.259,6.561999999999999,9.284500000000001,515.3245,11.624500000000001,10.618500000000001,5.175,10.898,12.344999999999999,7.422750000000001,5.8185,13.50825,10.35,8.475000000000001,8.72625,6.463,19.60800807018275,19.2055,9.311
137.0,8.47375,6.566,9.569,764.35975,11.86625,10.03675,6.923,10.454,12.208,7.36,6.393,14.42,10.2905,8.5305,9.356,6.09075,19.4429771621488,19.19925,10.035
138.0,7.6885,7.3635,8.6525,1013.395,12.108,9.455,8.671,10.01,12.071,7.46075,18.029,14.81725,10.231,8.586,8.962,5.718500000000001,18.07602260138095,19.193,10.759
138.5,6.90325,8.161,7.736000000000001,763.0487499999999,11.323500000000001,9.70875,10.419,9.565999999999999,14.83375,7.5615000000000006,29.665,15.214500000000001,9.95875,8.337,8.568,5.34625,16.7090680406131,18.167,11.86875
139.0,6.118,8.9585,6.8195,512.7025,10.539000000000001,9.9625,12.167,9.122,17.5965,7.66225,41.301,15.61175,9.686499999999999,8.088000000000001,8.174,4.974,15.927565441418551,17.141000000000002,12.9785
140.0,5.1240000000000006,9.756,5.903,262.35625000000005,9.7545,10.21625,12.506,7.9085,20.35925,7.763,52.937,16.009,9.41425,7.839,7.78,5.33375,15.146062842224,16.115000000000002,14.08825
141.0,4.13,10.94625,5.96775,12.01,8.97,10.47,12.844999999999999,6.695,23.122,7.930083333333333,42.15975,16.2195,9.142,7.59,7.386,5.6935,13.49864608743465,15.089,15.198
141.5,3.136,12.1365,6.0325,13.96125,8.635250000000001,10.722000000000001,13.184,5.4815,21.564999999999998,8.097166666666666,31.3825,16.43,9.5185,7.62975,6.989,6.05325,11.8512293326453,14.43375,17.12025
142.0,2.142,13.32675,6.09725,15.912500000000001,8.3005,10.974,13.523,4.268,20.008,8.26425,20.605249999999998,16.6405,9.895,7.669499999999999,6.5920000000000005,6.413,12.00504620141595,13.778500000000001,19.0425
143.0,2.28375,14.517,6.162,17.863750000000003,7.96575,11.225999999999999,12.2985,4.048,18.451,8.431333333333333,9.828,16.851,10.2715,7.70925,6.195,6.7002500000000005,12.1588630701866,13.12325,20.964750000000002
144.0,2.4255,15.49125,7.4704,19.815,7.631,11.478,11.074,3.828,16.894,8.598416666666667,11.31625,15.00825,10.648,7.749,5.798,6.987500000000001,11.4371709862793,12.468,22.887
144.5,2.56725,16.4655,8.7788,18.412750000000003,7.943,11.64075,9.849499999999999,3.6079999999999997,16.554,8.7655,12.8045,13.1655,10.74475,7.8397499999999996,6.293,7.27475,10.715478902372,12.02125,23.52325
145.0,2.709,17.43975,10.087200000000001,17.0105,8.254999999999999,11.8035,8.625,3.388,16.214,8.932583333333334,14.29275,11.32275,10.8415,7.9305,6.788,7.562,10.66096428474335,11.5745,24.1595
146.0,3.15925,18.414,11.395600000000002,15.60825,8.567,11.966249999999999,8.032,4.24325,15.874,9.099666666666668,15.781,9.48,10.93825,8.02125,7.2829999999999995,6.799250000000001,10.6064496671147,11.127749999999999,24.795749999999998
147.0,3.6094999999999997,18.81425,12.704,14.206,8.879,12.129,7.439,5.0985,15.534,9.26675,14.882000000000001,8.829,11.035,8.112,7.778,6.0365,9.304333439382784,10.681,25.432
147.5,4.059749999999999,19.2145,12.18575,14.638,9.222,11.27125,6.846,5.95375,16.018250000000002,9.433833333333334,13.983,8.178,11.91025,8.44875,6.975,5.27375,8.00221721165087,9.81925,22.23925
148.0,4.51,19.61475,11.6675,15.07,9.565,10.413499999999999,6.253,6.809,16.5025,9.600916666666667,13.084,7.527,12.785499999999999,8.785499999999999,6.172,4.511,7.41847681132945,8.9575,19.046499999999998
149.0,4.75075,20.015,11.14925,15.501999999999999,9.908,9.55575,7.038,6.658250000000001,16.98675,9.768,12.185,6.876,13.66075,9.12225,5.369,5.2805,6.83473641100803,8.095749999999999,15.85375
150.0,4.9915,19.7915,10.631,15.934,10.251,8.698,7.823,6.5075,17.471,11.45725,12.35975,6.854,14.536,9.459,4.566,6.050000000000001,7.06802969996034,7.234,12.661
150.5,5.23225,19.567999999999998,11.3145,15.6725,10.310749999999999,7.99525,8.608,6.35675,15.76475,13.1465,12.534500000000001,6.832000000000001,14.24175,9.023,4.95725,6.819500000000001,7.30132298891265,6.6025,12.05175
151.0,5.473,19.3445,11.998000000000001,15.411,10.3705,7.2925,9.393,6.206,14.0585,14.835749999999999,12.70925,6.8100000000000005,13.9475,8.587,5.3485,7.589,7.080797673790175,5.971,11.442499999999999
152.0,6.07275,19.121,12.6815,15.1495,10.430250000000001,6.5897499999999996,9.029125,6.171250000000001,12.352250000000002,16.525,12.884,6.788,13.65325,8.151,5.73975,8.82025,6.8602723586677,5.3395,10.83325
153.0,6.672499999999999,17.97825,13.365,14.888,10.49,5.887,8.66525,6.1365,10.646,16.07575,12.526,6.187250000000001,13.359,7.715,6.131,10.0515,7.349357064399944,4.708,10.224
153.5,7.27225,16.8355,12.756499999999999,15.33125,10.07875,6.35525,8.301375,6.10175,9.630500000000001,15.6265,12.168,5.5865,12.92,7.1572499999999994,6.1995000000000005,11.28275,7.83844177013219,4.40475,8.47975
154.0,7.872,15.69275,12.148,15.7745,9.6675,6.823499999999999,7.9375,6.067,8.615,15.177249999999999,11.81,4.9857499999999995,12.481,6.5995,6.268000000000001,12.514,8.239823881241044,4.1015,6.7355
155.0,8.190714285714286,14.55,11.5395,16.217750000000002,9.256250000000001,7.2917499999999995,7.573625,6.2165,7.5995,14.728,11.452,4.385,12.042,6.04175,6.3365,12.8075,8.6412059923499,3.7982500000000003,4.99125
156.0,8.509428571428572,13.7325,10.931,16.661,8.845,7.76,7.2097500000000005,6.366,6.584,13.4,11.54125,4.8765,11.603,5.484,6.405,13.100999999999999,9.240890201161175,3.495,3.247
156.5,8.828142857142858,12.915,10.85125,16.2455,9.386000000000001,7.962999999999999,6.845875,6.5155,7.16175,12.072,11.6305,5.368,11.1465,7.86425,5.813000000000001,13.3945,9.84057440997245,3.9005,3.26125
157.0,9.146857142857142,12.0975,10.7715,15.830000000000002,9.927,8.166,6.482,6.665,7.7395,10.744,11.71975,5.8595,10.69,10.2445,5.221,13.688,10.104349406687774,4.306,3.2755
158.0,9.465571428571428,11.28,10.691749999999999,15.4145,10.468,8.369,6.937,7.0405,8.31725,9.416,11.809,6.351,10.2335,12.62475,4.629,13.653500000000001,10.3681244034031,4.7115,3.2897499999999997
159.0,9.784285714285714,10.491999999999999,10.612,14.999,11.009,8.572,7.3919999999999995,7.416,8.895,9.62025,11.57775,7.156,9.777,15.005,4.037,13.619,10.05817457783074,5.117,3.304
159.5,10.103,9.704,10.34225,13.825000000000001,10.902000000000001,8.306999999999999,7.8469999999999995,7.7915,8.8135,9.8245,11.346499999999999,7.961,9.78125,14.08125,4.348625,13.5845,9.74822475225838,5.48525,3.17025
160.0,9.918333333333333,8.916,10.0725,12.651,10.795,8.042,8.302,8.167,8.732,10.02875,11.11525,8.766,9.785499999999999,13.1575,4.66025,13.55,9.95027562001929,5.8535,3.0365
161.0,9.733666666666666,8.128,9.80275,11.477,10.687999999999999,7.776999999999999,7.399,,8.650500000000001,10.233,10.884,9.571,9.78975,12.23375,4.971875,14.278,10.1523264877802,6.22175,2.90275
162.0,9.549,7.8335,9.533,10.303,10.581,7.512,6.496,,8.569,9.464500000000001,10.83,9.48275,9.794,11.31,5.2835,15.006,11.05213666562,6.59,2.769
162.5,10.0125,7.539,9.0815,9.208250000000001,9.6715,6.6274999999999995,5.593,,8.542250000000001,8.696,10.776,9.3945,10.059000000000001,10.750875,5.595125,15.734,11.9519468434598,6.712,3.3915
163.0,10.475999999999999,7.2445,8.629999999999999,8.1135,8.762,5.743,4.69,,8.5155,7.9275,10.722,9.30625,10.324,10.19175,5.906750000000001,16.462,11.9503964026877,6.834,4.014
164.0,10.9395,6.95,8.1785,7.018750000000001,7.852499999999999,4.8585,,,8.48875,7.159,10.668,9.218,10.589,9.632625,6.218375,18.48925,11.9488459619156,6.956,4.6365
165.0,11.403,8.142,7.727,5.924,6.943,3.974,,,8.462,7.5625,10.325,9.785499999999999,10.854000000000001,9.0735,6.53,20.5165,11.857404127705351,7.078,5.259
165.5,10.438,9.334,7.63525,5.9275,7.302,4.421250000000001,,,8.3975,7.965999999999999,9.982,10.353,11.119,8.514375000000001,,22.543750000000003,11.7659622934951,8.00375,5.1755
166.0,9.473,10.526,7.5435,5.931,7.661,4.8685,,,8.333,8.3695,9.639,10.9205,11.384,7.9552499999999995,,24.571,11.43081205052075,8.9295,5.0920000000000005
167.0,8.508,11.718,7.4517500000000005,5.9345,8.02,5.3157499999999995,,,8.2685,8.773,9.296,11.488,11.649000000000001,7.396125,,23.278000000000002,11.0956618075464,9.855250000000002,5.0085
168.0,7.543,9.80425,7.36,5.938,8.379,5.763,,,8.204,7.87325,8.953,,11.914,6.837,,21.985,11.71435151900325,10.781,4.925
168.5,7.12775,7.890499999999999,6.559125,5.77125,7.932499999999999,6.83425,,,8.14875,6.9735,8.61,,12.179,7.18575,,20.692,12.3330412304601,9.51375,5.47
169.0,6.7125,5.97675,5.75825,5.6045,7.486,7.9055,,,8.0935,6.07375,8.267,,12.443999999999999,7.5344999999999995,,19.399,12.479924004655949,8.246500000000001,6.015000000000001
170.0,6.29725,4.063,4.957375000000001,5.437749999999999,7.0395,8.97675,,,8.03825,5.1739999999999995,7.924,,12.709,7.883249999999999,,18.536,12.6268067788518,6.97925,6.5600000000000005
171.0,5.882,4.108499999999999,4.1565,5.271,6.593,10.048,,,7.983,4.27425,7.187,,12.974,8.232,,17.673000000000002,12.8584290358075,5.712,7.105
171.5,5.653,4.154,3.3556250000000007,5.885,6.69025,10.4215,,,7.900499999999999,3.3745000000000003,6.45,,12.98075,8.65175,,16.81,13.0900512927632,5.4725,6.834250000000001
172.0,5.4239999999999995,4.1995000000000005,2.5547500000000003,6.4990000000000006,6.7875,10.795,,,7.818,2.4747500000000002,5.713,,12.9875,9.0715,,15.947,14.59875950812035,5.233,6.5635
173.0,5.195,4.245,1.7538749999999999,7.113,6.88475,11.1685,,,7.7355,1.575,4.976,,12.99425,9.491249999999999,,15.9875,16.1074677234775,4.993499999999999,6.29275
174.0,4.966,4.5969999999999995,0.953,7.727,6.982,11.542,,,7.653,3.3674999999999997,5.7875,,13.001,9.911,,16.028,,4.754,6.022
174.5,5.285,4.949,1.9745,7.548500000000001,6.5755,11.24475,,,8.66475,5.159999999999999,6.599,,13.18075,10.1065,,16.0685,,,
175.0,5.604,5.301,2.9959999999999996,7.37,6.1690000000000005,10.9475,,,9.676499999999999,6.9525,7.4105,,13.3605,10.302,,16.109,,,
176.0,5.923,5.653,4.0175,7.1915,5.7625,10.65025,,,10.68825,8.745,8.222,,13.54025,10.497499999999999,,16.108,,,
177.0,6.242,6.21625,5.039,7.013,5.356,10.353,,,11.7,11.30175,8.8775,,13.72,10.693,,16.107,,,
177.5,6.16,6.7795,5.40375,7.354,5.75375,9.97575,,,10.93775,13.8585,9.533,,22.933,,,16.106,,,
178.0,6.077999999999999,7.34275,5.7684999999999995,7.695,6.1515,9.5985,,,10.1755,16.41525,10.1885,,32.146,,,16.105,,,
179.0,5.9959999999999996,7.906,6.13325,8.036000000000001,6.54925,9.22125,,,9.41325,18.972,10.844,,41.359,,,13.872333333333334,,,
180.0,5.914,,6.498,8.377,6.947,8.844,,,8.651,17.867,11.594,,50.572,,,11.639666666666667,,,
181.0,7.195666666666667,,7.396666666666667,9.076333333333334,7.816666666666666,,,,9.535666666666666,16.762,12.344,,,,,9.407,,,
182.0,8.477333333333334,,8.295333333333334,9.775666666666666,8.686333333333334,,,,10.420333333333334,15.657,13.094,,,,,8.366333333333333,,,
183.0,9.759,,9.194,10.475,9.556,,,,11.305,15.700333333333333,,,,,,7.325666666666667,,,
184.0,12.119666666666667,,8.653,,9.009,,,,,15.743666666666668,,,,,,6.285,,,
185.0,14.480333333333334,,8.112,,8.462,,,,,15.787,,,,,,,,,
186.0,16.841,,7.571,,7.915,,,,,,,,,,,,,,
189.0,13.641,,6.801,,,,,,,,,,,,,,,,
192.0,10.192,,7.827,,,,,,,,,,,,,,,,
195.0,10.112,,,,,,,,,,,,,,,,,,
198.0,9.205,,,,,,,,,,,,,,,,,,
201.0,11.874,,,,,,,,,,,,,,,,,,
