depth,msa-8,msa-10,msa-12,msa-14,msa-16,msa-20,msa-30,msa-32,msa-36,msa-38,msa-39,msa-40,msa-41,msa-42,msa-43,msa-46,msa-48,msa-49,msa-50
12.0,,,,,,,,,,,,,,,,,,123.508,
13.5,,,,,,,,92.106,,,,,,,,,,94.995,
15.0,,,,,,,116.742,102.237,,,,,,,,,,66.482,
16.0,,,,,,,88.74033333333334,112.368,,,,,,,,,,63.916,
17.0,,,,,,,60.738666666666674,119.58675,,,,,,,52.904,,,61.35,
18.0,,,,,,,32.737,126.8055,,,,,,,49.612750000000005,,,58.784,
18.5,,,,,,,34.945,134.02425,,,,,,,46.3215,93.45,,69.136,
19.0,,,,,,,37.153000000000006,141.243,,,,,,,43.03025,89.15925,,79.488,
20.0,,,,,,,39.361,123.92975,,,,48.74,,,39.739,84.86850000000001,57.3971625140525,89.84,
21.0,,,,,,,41.569,106.6165,,,,62.1735,,,39.33675,80.57775000000001,55.78788753521165,100.192,
21.5,,,,,,,51.7765,89.30324999999999,,,,75.607,,,38.9345,76.287,54.1786125563708,86.73375,
22.0,,,,,,,61.984,71.99,,,,89.04050000000001,,,38.532250000000005,74.52550000000001,53.25515113297365,73.2755,
23.0,,,,,,,72.1915,69.9365,,,,102.474,,,38.13,72.76400000000001,52.3316897095765,59.81725,
24.0,,,,,,,82.399,67.883,,,,87.12,,,40.00025,71.0025,49.14577284888,46.359,
24.5,,,,,,,76.04,65.8295,,,,71.766,,,41.8705,69.241,45.9598559881835,45.37425,
25.0,,,,,,,69.681,63.776,,,,56.412,,,43.74075,71.2762,44.97686515738295,44.3895,
26.0,,,,,,,63.322,67.6645,,,,41.058,,,45.611,73.3114,43.9938743265824,43.40475,
27.0,,,,,,,56.963,71.553,,,,41.0015,,,61.235,75.3466,45.7689880349439,42.42,54.703
27.5,,,,,,,61.379,75.4415,,,,40.945,,,76.859,77.3818,47.5441017433054,42.24025,53.2325
28.0,,,,,,,65.795,79.33,,,,40.8885,,,92.483,79.417,49.91159014053029,42.060500000000005,51.762
29.0,,,,,,,70.211,78.206,,,,40.832,,,108.107,82.5955,52.2790785377552,41.88075,50.2915
30.0,,,,,,,74.627,77.082,,,,41.1315,,35.092,99.2335,85.774,48.53122562244074,41.701,48.821
30.5,,,,,,,86.251,75.958,,,,41.431,,47.9055,90.36,88.9525,44.7833727071263,41.5375,45.94375
31.0,,,,,,,97.875,74.834,,,,41.7305,160.538,60.719,81.4865,92.131,39.92512413091955,41.374,43.0665
32.0,,38.914,,,,,109.499,72.5815,,,,42.03,140.4348,73.5325,72.613,83.07125,35.0668755547128,41.2105,40.18925
33.0,,38.543,,,,100.831,121.123,70.32900000000001,,,,42.22175,120.3316,86.346,70.475,74.0115,37.1431068885853,41.047,37.312
33.5,,38.172,,,,100.10225,110.79625,68.0765,,,,42.4135,100.2284,78.164,68.337,64.95175,39.2193382224578,42.1915,37.63125
34.0,,37.801,,,,99.3735,100.4695,65.824,,,,42.60525,80.12519999999999,69.982,66.19900000000001,55.892,37.66559392776915,43.336,37.9505
35.0,,37.43,,,,98.64475,90.14275,65.63675,,,,42.797,60.022,61.8,64.061,56.13575,36.1118496330805,44.4805,38.26975
36.0,,33.85075,,100.111,,97.916,79.816,65.4495,74.257,74.156,,44.489,79.56425,53.618,59.447,56.3795,42.2689982180578,45.625,38.589
36.5,,30.2715,,100.088,,86.32025,87.74425,65.26225,75.94775,75.27114285714286,,46.181,99.1065,54.538,54.833,56.62325,48.4261468030351,47.045,38.37425
37.0,,26.69225,,100.065,,74.7245,95.6725,65.075,77.6385,76.38628571428572,,47.873,118.64875,55.458,50.219,56.867,76.28341652863755,48.465,38.1595
38.0,,23.113,,100.042,,63.12875,103.60075,64.0985,79.32925,77.50142857142858,41.254,49.565,138.191,56.378,45.605,71.52,104.14068625424,49.885,37.94475
39.0,,27.066,,100.019,,51.533,111.529,63.122,81.02,78.61657142857143,52.489,47.74825,121.51175,57.298,66.51225,86.173,106.057990126348,51.305,37.73
39.5,,31.019,,94.28975,,51.58625,110.30875,62.1455,76.25725,79.73171428571429,63.724,45.9315,104.8325,57.982,87.4195,100.826,107.975293998456,51.556,38.0045
40.0,,34.971999999999994,,88.5605,,51.6395,109.0885,61.169,71.4945,80.84685714285715,74.959,44.11475,88.15325,58.666,108.32675,115.479,105.8450620501905,51.807,38.279
41.0,,38.925,,82.83125000000001,,51.69275,107.86825,60.89525,66.73175,81.962,86.194,42.298,71.474,59.35,129.234,112.64575,103.714830101925,52.058,38.5535
42.0,,38.199,,77.102,,51.746,106.648,60.6215,61.969,77.049,77.33625,38.28875,83.93275,60.034,114.61375,109.8125,105.136374239175,52.309,38.828
42.5,,37.473,,73.5355,,52.92885714285715,105.67775,60.34775,64.297,72.136,68.4785,34.2795,96.3915,64.92825,99.9935,106.97925,106.557918376425,57.99175,38.5395
43.0,,36.747,,69.969,,54.111714285714285,104.7075,60.074,66.625,67.223,59.62075,30.27025,108.85025,69.8225,85.37325,104.146,102.8086745955712,63.6745,38.251000000000005
44.0,,36.021,20.842,66.4025,,55.29457142857143,103.73725,59.81375,68.953,62.31,50.763,26.261,121.309,74.71675,70.753,104.23225,99.0594308147174,69.35725000000001,37.9625
45.0,,40.7088,24.2572,62.836,,56.477428571428575,102.767,59.5535,71.281,57.397000000000006,49.4248,49.5632,106.918,79.611,73.7956,104.3185,98.38068376047926,75.04,37.674
45.5,,45.3966,27.6724,67.0554,,57.66028571428571,103.9816,59.29325,71.5352,52.484,48.0866,72.8654,92.527,79.914,76.8382,104.40475,97.7019367062411,81.6076,47.8775
46.0,,50.0844,31.0876,71.2748,,58.84314285714286,105.1962,59.033,71.7894,47.571,46.7484,96.1676,78.136,80.217,79.8808,104.491,96.79904580061036,88.1752,58.081
46.5,,54.7722,34.5028,75.4942,196.671,60.026,106.4108,57.4726,72.04360000000001,42.658,45.4102,119.4698,63.745,80.52000000000001,82.9234,103.7068,95.89615489497965,94.7428,68.28450000000001
47.0,,59.46,37.918,79.71360000000001,173.1882,61.20885714285714,107.6254,55.9122,72.29780000000001,37.745,44.072,142.772,49.354,80.82300000000001,85.966,102.9226,94.9932639893489,101.3104,78.488
48.0,,66.7182,57.3608,83.933,149.7054,62.391714285714286,108.84,54.3518,72.552,48.0576,61.8136,145.0746,60.3452,81.126,87.67139999999999,102.1384,87.02716279994115,107.878,88.69149999999999
48.5,,73.9764,76.80359999999999,87.99180000000001,126.2226,63.57457142857143,100.8686,52.7914,71.223,58.3702,79.5552,147.3772,71.3364,82.1344,89.37679999999999,101.3542,79.0610616105334,109.57,98.895
49.0,,81.2346,96.2464,92.0506,102.7398,64.75742857142858,92.8972,51.231,69.894,68.6828,97.2968,149.6798,82.3276,83.14280000000001,91.0822,100.57,81.43763208015983,111.262,87.96549999999999
49.5,,88.4928,115.6892,96.1094,79.257,65.94028571428572,84.92580000000001,53.944,68.565,78.9954,115.0384,151.98239999999998,93.3188,84.1512,92.7876,99.448,83.81420254978627,112.954,77.036
50.0,,95.751,135.132,100.1682,91.827,67.12314285714285,76.9544,56.657,67.236,89.308,132.78,154.285,104.31,85.15960000000001,94.493,98.326,86.1907730194127,114.646,66.1065
51.0,,84.7514,123.0786,104.227,104.397,68.306,68.983,59.370000000000005,65.907,84.22500000000001,117.4352,138.523,103.5818,86.168,87.5132,97.204,79.58759494090239,116.338,55.177
51.5,,73.7518,111.0252,99.8604,116.967,66.6174,62.4448,62.083000000000006,66.8774,79.14200000000001,102.0904,122.761,102.8536,86.2624,80.5334,96.082,72.9844168623921,110.099,56.0338
52.0,96.951,62.7522,98.9718,95.4938,129.537,64.9288,55.906600000000005,64.796,67.84779999999999,74.059,86.7456,106.999,102.1254,86.3568,73.55359999999999,94.96,71.48138174289853,103.86,56.8906
52.5,89.1608,51.7526,86.91839999999999,91.1272,142.107,63.2402,49.3684,63.872600000000006,68.8182,68.976,71.4008,91.237,101.3972,86.4512,66.5738,94.1824,69.97834662340496,97.621,57.7474
53.0,81.3706,40.753,74.865,86.76060000000001,122.36,61.5516,42.830200000000005,62.949200000000005,69.7886,63.893,56.056,75.475,100.669,86.54560000000001,59.594,93.4048,68.4753115039114,91.382,58.6042
54.0,73.5804,42.692,77.54424999999999,82.394,102.613,59.863,36.292,62.0258,70.759,58.88125,61.6755,74.1095,94.694,86.64,60.42725,92.6272,68.8384045581402,85.143,59.461
54.5,65.7902,44.631,80.2235,79.37875,82.866,62.81825,49.657250000000005,61.1024,71.9462,53.8695,67.295,72.744,88.719,83.25125,61.2605,91.8496,69.201497612369,84.10249999999999,64.648
55.0,58.0,46.57,82.90275,76.3635,72.929,65.7735,63.0225,60.179,73.1334,48.85775,72.9145,71.3785,82.744,79.8625,62.09375,91.072,65.60548281787379,83.062,69.83500000000001
56.0,55.3485,48.509,85.582,73.34825000000001,62.992,68.72874999999999,76.38775,61.75625,74.3206,43.846,78.534,70.013,76.769,76.47375,62.927,85.23825,62.0094680233786,82.0215,75.022
57.0,52.697,49.2415,82.37925,70.333,53.055,71.684,89.753,63.3335,75.50779999999999,49.5305,76.33600000000001,67.5175,72.50625000000001,73.085,61.92025,79.4045,60.8129741023536,80.981,80.209
57.5,50.0455,49.974,79.1765,69.6045,58.69925,69.31025,91.79525,64.91075000000001,76.695,55.215,74.138,65.022,68.24350000000001,69.3485,60.9135,73.57075,59.6164801813286,77.42675,81.42825
58.0,47.394,50.7065,75.97375,68.876,64.3435,66.9365,93.8375,66.488,68.16333333333333,60.8995,71.94,62.5265,63.98075,65.612,59.90675,67.737,59.11881961078335,73.8725,82.64750000000001
59.0,56.23925,51.439,72.771,68.1475,69.98775,64.56275,95.87975,68.26875,59.63166666666666,66.584,69.742,60.031,59.718,61.8755,58.9,64.43975,58.6211590402381,70.31824999999999,83.86675
60.0,65.0845,58.03675,68.31025,67.419,75.632,62.189,97.922,70.0495,51.1,61.49525,85.86225,59.07125,75.3735,58.139,88.299,61.1425,59.4548628495674,66.764,85.086
60.5,73.92975000000001,64.6345,63.8495,74.457,68.77000000000001,65.0765,96.36825,71.83025,69.83625,56.4065,101.98250000000002,58.1115,91.029,58.076,117.698,57.84525,60.2885666588967,66.222,80.52975
61.0,82.775,71.23225,59.38875,81.495,61.908,67.964,94.8145,73.611,88.57249999999999,51.31775,118.10275,57.15175,106.6845,58.013000000000005,147.097,54.548,57.44537899105904,65.68,75.9735
62.0,71.396,77.83,54.928,88.533,55.046,70.8515,93.26075,68.358,107.30875,46.229,134.223,56.192,122.34,57.95,176.496,55.83325,54.6021913232214,65.138,71.41725
63.0,60.017,93.0145,55.158,95.571,48.184,73.739,91.707,63.105,126.045,60.194,128.5415,54.1235,114.3565,57.887,152.52875,57.1185,53.4531388680288,64.596,66.861
63.5,48.638000000000005,108.199,55.388,93.65925,50.53775,101.5525,86.68033333333332,57.852,122.4405,74.15899999999999,122.86,52.055,106.373,71.42525,128.5615,58.40375,52.3040864128362,63.6595,72.61775
64.0,37.259,123.3835,55.618,91.7475,52.89149999999999,129.366,81.65366666666667,52.599,118.836,88.124,117.1785,49.9865,98.3895,84.96350000000001,104.59425,59.689,82.1553041487946,62.723,78.37450000000001
65.0,43.13375,138.568,55.848,89.83575,55.24525,157.1795,76.627,57.6235,115.2315,102.089,111.497,47.918,90.406,98.50175,80.627,65.4915,112.006521884753,61.7865,84.13125000000001
66.0,49.0085,121.0155,63.78675,87.924,57.599,184.993,71.60033333333332,62.648,111.627,101.4725,108.772,51.91575,105.18425,112.04,76.1845,71.294,114.707512607696,60.85,89.888
66.5,54.88325,103.463,71.7255,98.23125,64.57249999999999,154.6655,66.57366666666667,67.6725,104.73,100.856,106.047,55.9135,119.9625,107.67425,71.74199999999999,77.09649999999999,117.408503330639,65.651,81.742
67.0,60.758,85.91050000000001,79.66425,108.5385,71.54599999999999,124.338,61.547,72.697,97.833,100.2395,103.322,59.91125,134.74075,103.3085,67.2995,82.899,105.9388368708169,70.452,73.596
68.0,59.22325,68.358,87.603,118.84575,78.5195,94.0105,69.1895,66.71275,90.936,99.623,100.597,63.909,149.519,98.94275,62.857,80.758,94.4691704109948,75.253,65.45
69.0,57.688500000000005,65.3415,85.919,129.153,85.493,63.683,76.832,60.7285,84.039,103.35675,94.32425,60.32875,130.65225,94.577,62.856,78.61699999999999,86.5697010135231,80.054,57.304
69.5,56.15375,62.325,84.235,123.11375,78.38074999999999,62.622,84.4745,54.74425,84.54725,107.0905,88.0515,56.7485,111.7855,105.7945,62.855,76.476,78.6702316160514,102.46525,63.95325
70.0,54.619,59.3085,82.551,117.0745,71.26849999999999,61.561,92.117,48.76,85.0555,110.82425,81.77875,53.16825,92.91875,117.012,62.854,74.335,86.12663960326054,124.8765,70.60249999999999
71.0,56.70375,56.292,80.867,111.03525,64.15625,60.5,80.3425,49.647,85.56375,114.558,75.506,49.588,74.052,128.2295,62.853,81.99025,93.5830475904697,147.28775000000002,77.25175
72.0,58.7885,56.48275,84.26375,104.996,57.044,59.439,68.568,50.534,86.072,101.724,75.292,56.184,73.07875000000001,139.447,64.308,89.6455,95.34135104290806,169.699,83.901
72.5,60.87325,56.6735,87.6605,96.1185,65.07775,60.9715,56.7935,51.421,81.57325,88.89,75.078,62.78,72.1055,117.82375,65.763,97.30075,97.0996544953464,148.22400000000002,96.88825
73.0,62.958,56.86425,91.05725,87.241,73.1115,62.504000000000005,45.019,52.308,77.0745,76.05600000000001,74.864,69.376,71.13225,96.2005,67.218,104.956,85.46953542680185,126.749,109.8755
74.0,111.39025,57.055,94.454,78.3635,81.14525,64.0365,46.7205,59.12925,72.57575,63.222,74.65,75.972,70.159,74.57725,68.673,95.25975,73.8394163582573,105.274,122.86275
75.0,159.8225,57.24575,113.9155,69.486,89.179,65.569,48.422,65.9505,68.077,66.7015,75.86575,74.465,73.61425,52.954,80.1275,85.5635,68.0775753007197,83.799,135.85
75.5,208.25475,57.4365,133.377,67.396,92.816,68.18725,50.1235,72.77175,71.542,70.181,77.0815,72.958,77.0695,52.78625,91.582,75.86725000000001,62.3157342431821,78.13850000000001,121.45225
76.0,256.687,57.62725,152.8385,65.306,96.453,70.8055,51.825,79.593,75.007,73.6605,78.29725,71.451,80.52475000000001,52.6185,103.0365,66.171,59.410071372993855,72.47800000000001,107.0545
77.0,212.40075,57.818,172.3,63.216,100.09,73.42375,51.727,70.0995,78.472,77.14,79.513,69.944,83.98,52.45075,114.491,68.0715,56.5044085028056,66.8175,92.65675
78.0,168.11450000000002,68.2495,154.259,61.126,103.727,76.042,51.629000000000005,60.606,81.937,71.5495,75.6515,64.99825,76.71600000000001,52.283,116.151,69.97200000000001,54.45273926470395,61.157,78.259
78.5,123.82825,78.681,136.21800000000002,59.7135,99.15725,72.9495,51.531,51.1125,82.481,65.959,71.78999999999999,60.0525,69.452,54.65025,117.811,71.8725,52.4010700266023,60.766,72.41125
79.0,79.542,89.1125,118.177,58.301,94.5875,69.857,51.433,41.619,83.025,60.3685,67.9285,55.106750000000005,62.188,57.0175,119.471,73.773,65.32042871297045,60.375,66.5635
80.0,78.193,99.544,100.136,56.8885,90.01774999999999,66.7645,65.8235,40.2475,83.569,54.778,64.067,50.161,54.924,59.38475,121.131,74.06925,78.2397873993386,59.984,60.71575
81.0,76.844,91.2335,91.10025,55.476,85.448,63.672,80.214,38.876000000000005,84.113,48.5375,59.321,66.45175,54.848,61.752,108.4595,74.3655,93.68575255250828,59.593,54.868
81.5,75.495,82.923,82.0645,55.27325,77.62225,76.4135,94.6045,37.5045,88.12325,42.297,54.575,82.7425,54.772,58.273,95.788,74.66175,109.131717705678,66.718,54.4295
82.0,74.146,74.61250000000001,73.02875,55.0705,69.7965,89.155,108.995,36.133,92.1335,36.0565,49.82899999999999,99.03325,54.696,54.794,83.1165,74.958,106.183069742488,73.843,53.991
83.0,70.5195,66.302,63.993,54.86775,61.97075,101.8965,102.60775,38.676,96.14375,29.816,45.083,115.324,54.62,51.315,70.445,70.46525,103.234421779298,80.968,53.5525
84.0,66.893,60.7685,63.14775,54.665,54.145,114.638,96.2205,41.219,100.154,35.866,57.9135,97.693,61.15275,47.836,69.00399999999999,65.9725,99.17150367689275,88.093,53.114
84.5,63.2665,55.235,62.3025,56.342,52.828500000000005,108.29675,89.83324999999999,43.762,95.33,41.916,70.744,80.062,67.6855,52.9235,67.56299999999999,61.47975,95.1085855744875,81.7275,62.41
85.0,59.64,49.7015,61.45725,58.019,51.512,101.9555,83.446,46.305,90.506,47.966,83.5745,62.431,74.21825000000001,58.011,66.122,56.987,82.92940364143755,75.362,71.706
86.0,61.52825,44.168,60.612,59.696,50.1955,95.61425,80.89125,45.04075,85.682,54.016,96.405,44.8,80.751,63.0985,64.681,60.78825,70.7502217083876,68.9965,81.00200000000001
87.0,63.4165,41.93325,75.186,61.373,48.879,89.273,78.3365,43.7765,80.858,48.86925,91.41025,54.5435,89.066,68.186,62.25475,64.5895,65.25561055076756,62.631,90.298
87.5,65.30475,39.6985,89.76,59.268125,62.67075,88.031,75.78175,42.51225,68.337,43.7225,86.41550000000001,64.287,97.381,73.40675,59.8285,68.39075,59.7609993931475,60.619,85.4345
88.0,67.193,37.46375,104.334,57.16325,76.4625,86.789,73.227,41.248,55.816,38.57575,81.42075,74.0305,105.696,78.6275,57.40225,72.192,61.396735811767854,58.607,80.571
89.0,69.22075,35.229,118.908,55.058375,90.25425,85.547,70.94,49.3775,43.295,33.429,76.426,83.774,114.011,83.84825000000001,54.976,65.181,63.0324722303882,56.595,75.7075
90.0,71.2485,36.3305,105.7745,52.9535,104.046,84.305,68.65299999999999,57.507000000000005,30.774,35.4345,82.08175,78.71625,104.14125,89.069,52.571,58.17,63.1900924091131,54.583,70.844
90.5,73.27625,37.432,92.641,50.848625,83.4085,80.1135,66.366,65.63650000000001,38.0225,37.44,87.73750000000001,73.6585,94.2715,82.464,50.166,51.159,63.347712587838,57.601,65.047
91.0,75.304,38.5335,79.5075,48.74375,62.771,75.922,64.079,73.766,45.271,39.4455,93.39325,68.60075,84.40174999999999,75.85900000000001,47.761,44.148,64.27916706328885,60.619,59.25
92.0,70.676,39.635,66.374,46.638875,42.1335,71.7305,63.56725,67.61250000000001,52.5195,41.451,99.049,63.543,74.532,69.254,45.356,49.087500000000006,65.2106215387397,63.637,53.453
93.0,66.048,53.491,58.68975,44.534,21.496,67.539,63.0555,61.459,59.768,43.4565,94.49075,67.3805,70.61274999999999,62.649,43.1065,54.027,63.723224850913056,66.655,47.656
93.5,61.42,67.347,51.0055,51.664,29.82275,60.367,62.54375,55.3055,57.00525,45.462,89.9325,71.218,66.6935,58.5135,40.857,58.9665,62.2358281630864,66.30199999999999,50.96975
94.0,56.792,81.203,43.32125,58.794,38.1495,53.195,62.032,49.152,54.2425,47.4675,85.37425,75.0555,62.77425,54.378,38.6075,63.906,61.59541164284956,65.949,54.2835
95.0,56.24525,95.059,35.637,65.924,46.47625,46.023,60.3375,48.982,51.47975,49.473,80.816,78.893,58.855,50.2425,36.358,63.144,60.9549951226127,65.596,57.59725
96.0,55.6985,90.53725,33.38425,73.054,54.803,38.851,58.643,48.812,48.717,51.34375,76.25775,78.56,62.9085,46.107,44.46875,62.382,59.8781114005889,65.243,60.911
96.5,55.15175,86.0155,31.131500000000003,76.37775,54.63025,52.541,56.9485,48.642,53.88725,53.2145,71.6995,78.227,66.962,44.0495,52.5795,61.62,58.8012276785651,64.922,58.9225
97.0,54.605,81.49374999999999,28.87875,79.70150000000001,54.4575,66.231,55.254,48.472,59.0575,55.08525,67.14125,77.894,71.0155,41.992,60.69025,60.858,59.48655741702035,64.601,56.934
98.0,51.71925,76.972,26.626,83.02525,54.28475,79.921,55.002,50.5225,64.22775,56.956,62.583,77.561,75.069,39.9345,68.801,63.38425,60.1718871554756,64.28,54.9455
99.0,48.8335,75.47749999999999,34.48425,86.349,54.112,93.611,54.75,52.573,69.398,55.71075,60.88325,77.92425,71.5915,37.877,67.11275,65.9105,60.824617551816,63.959,52.957
99.5,45.94775,73.983,42.3425,94.84475,54.18225,95.388,54.498000000000005,54.6235,64.08324999999999,54.465500000000006,59.1835,78.2875,68.114,42.255750000000006,65.4245,68.43674999999999,61.4773479481564,72.04175000000001,53.553
100.0,43.062,72.4885,50.20075,103.3405,54.2525,97.165,54.246,56.674,58.7685,53.22025,57.48375,78.65075,64.6365,46.6345,63.73625,70.963,62.13907863393225,80.12450000000001,54.149
101.0,52.4425,70.994,58.059,111.83625,54.32275,98.942,53.61925,58.371,53.45375,51.975,55.784,79.014,61.159,51.01325,62.048,65.19149999999999,62.8008093197081,88.20725,54.745000000000005
102.0,61.823,72.8395,57.9665,120.332,54.393,100.719,52.9925,60.068,48.139,50.97625,53.13425,73.10625,72.04975,55.392,62.0735,59.42,60.112347714876805,96.29,55.341
102.5,71.2035,74.685,57.874,120.0515,55.537,85.47025,52.36575,61.765,53.438500000000005,49.9775,50.4845,67.1985,82.9405,69.083,62.099,53.6485,57.4238861100455,88.283,53.026
103.0,80.584,76.5305,57.7815,119.771,56.681,70.22149999999999,51.739,63.462,58.738,48.97875,47.83475,61.29075,93.83125,82.774,62.1245,47.877,57.4770525795508,80.27600000000001,50.711
104.0,78.77225,78.376,57.689,119.4905,57.825,54.97275,74.57974999999999,62.1935,64.03750000000001,47.98,45.185,55.383,104.722,96.465,62.15,47.67875,57.5302190490561,72.269,48.396
105.0,76.9605,72.09075,54.713,119.21,58.969,39.724,97.4205,60.925,69.337,55.8355,50.94275,56.809250000000006,93.45125,110.156,59.8275,47.480500000000006,57.8853639211922,64.262,46.081
105.5,75.14875,65.8055,51.737,124.543,63.86025,41.66525,120.26125,59.6565,69.92325,63.691,56.7005,58.2355,82.1805,97.1875,57.505,47.282250000000005,58.2405087933283,69.23175,54.33925000000001
106.0,73.337,59.52025,48.761,129.876,68.75150000000001,43.6065,143.102,58.388,70.5095,71.54650000000001,62.45824999999999,59.66175,70.90975,84.219,55.1825,47.084,54.53511421881875,74.20150000000001,62.5975
107.0,76.43575,53.235,45.785,135.209,73.64275,45.54774999999999,128.05025,62.49375,71.09575000000001,79.402,68.216,61.088,59.639,71.2505,52.86,54.07300000000001,50.8297196443092,79.17125,70.85575
108.0,79.53450000000001,53.93675,55.5715,140.542,78.534,47.489,112.9985,66.5995,71.682,79.623,76.94825,60.4495,63.63925,58.282,52.3775,61.062000000000005,53.07697452641935,84.141,79.114
108.5,82.63325,54.6385,65.358,133.71575,86.91075000000001,48.211,97.94675,70.70525,74.588,79.844,85.6805,59.811,67.6395,65.46549999999999,51.895,68.051,55.3242294085295,79.57375,72.373
109.0,85.732,55.34025,75.1445,126.8895,95.2875,48.933,82.895,74.811,77.494,80.065,94.41275,59.1725,71.63975,72.649,51.4125,75.04,63.33829950962834,75.0065,65.632
110.0,91.588,56.042,84.931,120.06325,103.66425,49.655,90.08075,78.19025,80.4,80.286,103.145,58.534,75.64,79.83250000000001,50.93,72.9975,71.3523696107272,70.43925,58.891
111.0,97.444,54.1865,90.36275,113.237,112.041,50.377,97.2665,81.5695,83.306,76.593,90.673,62.26,82.22200000000001,87.016,52.297,70.95500000000001,70.99147638204764,65.872,52.15
111.5,103.3,52.331,95.7945,112.78875,108.77,53.7635,104.45225,84.94875,71.9165,72.9,78.201,65.986,88.804,89.19675000000001,53.664,68.91250000000001,70.6305831533681,64.038,48.73525
112.0,109.156,50.4755,101.22625,112.3405,105.499,57.150000000000006,111.638,88.328,60.527,69.207,65.729,69.712,95.386,91.3775,55.031000000000006,66.87,64.72570426983125,62.204,45.3205
113.0,108.2105,48.62,106.658,111.89225,102.228,60.5365,109.969,84.1255,49.1375,65.514,53.257,73.438,101.968,93.55825,56.398,67.20225,58.8208253862944,60.370000000000005,41.90575
114.0,107.265,47.94925,105.29525,111.444,98.957,63.923,108.3,79.923,37.748,70.14349999999999,58.147,75.587,100.37325,95.739,56.369,67.53450000000001,53.716205549135,58.536,38.491
114.5,106.3195,47.2785,103.9325,111.3215,98.40075,67.60725,106.631,75.7205,36.4515,74.773,63.03699999999999,77.736,98.7785,99.5825,56.34,67.86675,48.6115857119756,57.27775,38.325
115.0,105.374,46.60775,102.56975,111.199,97.8445,71.2915,104.962,71.518,35.155,79.4025,67.92699999999999,79.885,97.18375,103.426,56.311,68.199,60.655561645736455,56.0195,38.159
116.0,93.63575,45.937,101.207,111.0765,97.28825,74.97575,105.611,67.779,33.8585,84.032,72.817,82.034,95.589,107.2695,56.282,64.56075,72.6995375794973,54.76125,37.993
117.0,81.8975,59.867,101.87975,110.954,96.732,78.66,106.26,64.03999999999999,32.562,79.710625,73.9345,81.21100000000001,94.9424,111.113,52.32599999999999,60.9225,74.639488935696,53.503,37.827
117.5,70.15925,73.797,102.5525,102.89125,96.82975,72.632,106.909,60.301,46.764,75.38925,75.05199999999999,80.388,94.2958,98.70925,48.37,57.28425,76.5794402918947,70.864,36.34875
118.0,58.421,87.727,103.22525,94.8285,96.9275,66.604,107.558,56.562,60.966,71.067875,76.1695,79.565,93.6492,86.3055,44.414,53.646,84.97391701763709,88.225,34.8705
119.0,57.02775,101.657,103.898,86.76575,97.02525,60.576,107.62325,55.83875,75.168,66.7465,77.287,78.742,93.0026,73.90174999999999,40.458,55.34675,93.3683937433795,105.586,33.392250000000004
120.0,55.6345,96.2925,95.005,78.703,97.123,54.548,107.6885,55.1155,89.37,62.425125,76.54950000000001,81.67725,92.356,61.498,42.87,57.0475,89.79318785797716,122.947,31.914
120.5,54.24125,90.928,86.112,73.935,98.296,60.06325,107.75375,54.39225,85.796,58.10375,75.81200000000001,84.61250000000001,89.239,61.695,45.282,58.74825,86.2179819725748,108.79,40.53125
121.0,52.848,85.5635,77.219,69.167,99.469,65.57849999999999,107.819,53.669,82.22200000000001,53.782375,75.0745,87.54775000000001,86.122,61.892,47.694,60.449,79.16463368632975,94.633,49.1485
122.0,58.25625,80.199,68.326,64.399,100.642,71.09375,95.53775,58.93299999999999,78.648,49.461,74.337,90.483,83.005,62.089,50.106,59.00275,72.1112854000847,80.476,57.76575
123.0,63.6645,76.66225,64.949,59.631,101.815,76.609,83.2565,64.197,75.074,51.4125,74.41275,89.1825,79.888,62.286,57.477,57.5565,78.73576629009139,66.319,66.383
123.5,69.07275,73.1255,61.572,60.78625,91.63875,74.28524999999999,70.97525,69.461,75.21375,53.364,74.4885,87.882,77.54325,65.324,64.848,56.11025,85.3602471800981,71.95075,65.478
124.0,74.481,69.58875,58.19499999999999,61.9415,81.4625,71.9615,58.694,74.725,75.3535,55.3155,74.56425,86.5815,75.1985,68.362,72.219,54.664,77.645798884322,77.58250000000001,64.573
125.0,72.946,66.052,54.818,63.09675,71.28625,69.63775,65.95275000000001,75.47874999999999,75.49324999999999,57.267,74.64,85.281,72.85375,71.4,79.59,51.89725,69.9313505885459,83.21425,63.668
126.0,71.411,65.39575,45.909,64.252,61.11,67.314,73.2115,76.23249999999999,75.633,59.21849999999999,70.09325,72.07950000000001,70.509,74.438,70.41525,49.1305,71.32406766060754,88.846,62.763
126.5,69.87599999999999,64.7395,37.0,65.072,61.50375,63.2385,80.47025,76.98625,73.08525,61.17,65.54650000000001,58.878,77.3495,76.32975,61.2405,46.36375,72.7167847326692,83.75800000000001,66.61575
127.0,68.341,64.08325,28.091,65.892,61.8975,59.163,87.729,77.74,70.5375,63.1215,60.999750000000006,45.6765,84.19,78.22149999999999,52.06575,43.597,70.2026318729706,78.67,70.4685
128.0,76.24199999999999,63.427,19.182,66.71199999999999,62.291250000000005,55.0875,79.65725,75.70025,67.98974999999999,65.073,56.453,32.475,91.0305,80.11325,42.891,60.05475,67.688479013272,73.582,74.32125
129.0,84.143,64.8065,24.4205,67.532,62.685,51.012,71.5855,73.6605,65.442,73.1805,71.1825,45.11125,97.871,82.005,48.63325,76.51249999999999,63.1533689865609,68.494,78.174
129.5,92.044,66.18599999999999,29.659,63.87225,61.70475,70.47575,63.51375,71.62075,75.16399999999999,81.288,85.912,57.7475,92.617,79.725,54.3755,92.97025,58.6182589598498,70.93125,73.434
130.0,99.945,67.5655,34.8975,60.2125,60.724500000000006,89.9395,55.442,69.581,84.886,89.3955,100.6415,70.38374999999999,87.363,77.445,60.11775,109.428,59.322027256217,73.3685,68.694
131.0,92.1295,68.945,40.136,56.55275,59.74425,109.40325,60.4675,65.592,94.608,97.503,115.371,83.02,82.10900000000001,75.165,65.86,107.0705,60.0257955525842,75.80574999999999,63.954
132.0,84.314,62.8905,42.5185,52.893,58.764,128.867,65.493,61.603,104.33,97.95325,113.59475,87.035,76.855,72.885,68.3445,104.713,60.4244525676592,78.243,59.214
132.5,76.4985,56.836,44.901,55.9775,59.54975,114.53375,70.5185,57.614,94.367,98.4035,111.8185,91.05,73.7325,69.54325,70.82900000000001,102.3555,60.8231095827342,75.09325,55.4565
133.0,68.683,50.7815,47.2835,59.062,60.3355,100.2005,75.544,53.625,84.404,98.85375,110.04225,95.065,70.61,66.20150000000001,73.3135,99.998,58.94382376185045,71.9435,51.699
134.0,65.85425000000001,44.727,49.666,62.1465,61.12125,85.86725,70.138,54.30675,74.441,99.304,108.266,99.08,67.4875,62.859750000000005,75.798,97.118,57.0645379409667,68.79375,47.9415
135.0,63.02550000000001,42.97675,49.50075,65.231,61.907,71.534,64.732,54.9885,64.478,89.69775,103.07625,95.51825,64.365,59.518,79.667,94.238,56.8149765182146,65.644,44.184
135.5,60.19675,41.2265,49.3355,59.40774999999999,59.44375,72.0095,59.326,55.67025,63.29825,80.0915,97.8865,91.9565,68.35475,66.218,83.536,91.358,56.5654150954625,64.54575,43.7065
136.0,57.368,39.47625,49.17025,53.5845,56.9805,72.48500000000001,53.92,56.352,62.1185,70.48525000000001,92.69675,88.39475,72.3445,72.918,87.405,88.478,62.2208567412901,63.447500000000005,43.229
137.0,61.12475,37.726,49.005,47.76125,54.51725,72.96050000000001,55.37675,55.19375,60.93875,60.879,87.507,84.833,76.33425,79.618,91.274,88.3765,67.8762983871177,62.34925,42.7515
138.0,64.8815,46.61075,51.529250000000005,41.938,52.054,73.436,56.8335,54.0355,59.759,60.1195,89.44475,81.13775,80.324,86.318,89.6746,88.275,72.6742127484111,61.251,42.274
138.5,68.63825,55.4955,54.0535,44.49325,51.771,73.102,58.29025,52.87725,69.18125,59.36,91.3825,77.4425,81.86825,81.662,88.0752,88.1735,77.4721271097045,61.7455,46.7685
139.0,72.395,64.38025,56.57775,47.0485,51.488,72.768,59.747,51.719,78.6035,58.6005,93.32025,73.74725000000001,83.4125,77.006,86.4758,88.072,83.455259948638,62.24,51.263000000000005
140.0,75.55025,73.265,59.102,49.60375,51.205,72.434,60.37025,56.874,88.02574999999999,57.841,95.258,70.052,84.95675,72.35,84.8764,81.4895,89.4383927875715,62.7345,55.7575
141.0,78.7055,69.98275,57.12725,52.159,50.922,72.1,60.9935,62.029,97.448,59.68366666666667,91.3475,67.34975,86.501,67.694,83.277,74.907,91.71853779228496,63.229,60.252
141.5,81.86075,66.7005,55.1525,54.83325,46.82375,71.57974999999999,61.61675,67.184,93.524,61.52633333333333,87.437,64.64750000000001,76.91375000000001,65.955,83.949,68.3245,93.9986827969984,65.74825,59.37275
142.0,85.016,63.41825,53.17775,57.5075,42.7255,71.0595,62.24,72.339,89.6,63.369,83.5265,61.94525,67.32650000000001,64.21600000000001,84.62100000000001,61.742,87.8179307752965,68.2675,58.4935
143.0,76.64375000000001,60.136,51.203,60.18175,38.62725,70.53925000000001,63.56875,74.07425,85.67599999999999,65.21166666666667,79.616,59.243,57.73925,62.477,85.293,68.28525,81.6371787535946,70.78675,57.61425
144.0,68.2715,68.777,52.5664,62.856,34.529,70.019,64.89750000000001,75.8095,81.752,67.05433333333333,77.14699999999999,55.21125,48.152,60.738,85.965,74.8285,74.9043747981431,73.306,56.735
144.5,59.89925,77.418,53.9298,64.07225,35.874750000000006,69.70075,66.22625000000001,77.54475,80.49475,68.897,74.678,51.1795,57.9285,66.3355,86.72175,81.37175,68.1715708426916,80.0625,58.4305
145.0,51.527,86.059,55.2932,65.2885,37.2205,69.3825,67.555,79.28,79.2375,70.73966666666666,72.209,47.14775,67.705,71.93299999999999,87.4785,87.915,70.8438489889534,86.81899999999999,60.126000000000005
146.0,51.42575,94.7,56.656600000000005,66.50475,38.56625,69.06425,68.783,84.82525,77.98025,72.58233333333334,69.74,43.116,77.4815,77.5305,88.23525000000001,76.22675000000001,73.5161271352152,93.5755,61.8215
147.0,51.3245,87.16425000000001,58.02,67.721,39.912,68.746,70.011,90.3705,76.723,74.42500000000001,68.07124999999999,48.05925,87.258,83.128,88.992,64.5385,72.1975549410918,100.332,63.517
147.5,51.22325,79.6285,62.8295,66.33425,49.28375,66.06224999999999,71.239,95.91575,76.592,76.26766666666667,66.4025,53.0025,90.319,84.565,82.01225000000001,52.85025,70.8789827469684,96.6095,58.819
148.0,51.122,72.09275,67.639,64.9475,58.6555,63.3785,72.467,101.461,76.461,78.11033333333333,64.73375,57.94575,93.38,86.00200000000001,75.0325,41.162,73.76324705097215,92.887,54.121
149.0,49.81525,64.557,72.4485,63.56075,68.02725000000001,60.69475,74.30449999999999,89.111,76.33,79.953,63.065,62.889,96.441,87.43900000000001,68.05275,55.83275,76.6475113549759,89.16449999999999,49.423
150.0,48.5085,64.86175,77.258,62.174,77.399,58.011,76.142,76.761,76.199,76.956,64.26525,58.00975,99.502,88.876,61.073,70.5035,74.93633122608095,85.442,44.725
150.5,47.20175,65.1665,75.92725,66.17725,74.19024999999999,55.4015,77.9795,64.411,78.07849999999999,73.959,65.46549999999999,53.1305,96.15,96.45075,66.57475,85.17425,73.225151097186,83.41475,44.82625
151.0,45.895,65.47125,74.59649999999999,70.1805,70.9815,52.792,79.817,52.061,79.958,70.962,66.66575,48.25125,92.798,104.0255,72.0765,99.845,74.4430975146924,81.38749999999999,44.9275
152.0,53.42125,65.776,73.26575,74.18375,67.77275,50.182500000000005,77.50637499999999,55.3995,81.8375,67.965,67.866,43.372,89.446,111.60025,77.57825,93.8385,75.6610439321988,79.36025,45.02875
153.0,60.947500000000005,65.42349999999999,71.935,78.187,64.564,47.573,75.19574999999999,58.738,83.717,67.11575,69.7295,60.9615,86.094,119.175,83.08,87.832,72.28077456847444,77.333,45.13
153.5,68.47375,65.071,72.193,77.02125,62.22774999999999,50.5845,72.885125,62.0765,88.4185,66.26650000000001,71.59299999999999,78.551,82.95175,107.396,77.51325,81.8255,68.9005052047501,78.374,50.02075
154.0,76.0,64.7185,72.451,75.8555,59.89149999999999,53.596,70.5745,65.415,93.12,65.41725,73.45649999999999,96.1405,79.8095,95.617,71.9465,75.819,67.51284539390221,79.41499999999999,54.9115
155.0,82.363,64.366,72.709,74.68975,57.55525,56.6075,68.263875,70.77825,97.8215,64.568,75.32,113.73,76.66725,83.838,66.37975,73.77725000000001,66.1251855830543,80.456,59.80225
156.0,88.726,60.57975,72.967,73.524,55.219,59.619,65.95325,76.14150000000001,102.523,65.51275,76.75025,103.32675,73.525,72.059,60.813,71.7355,65.902102341881,81.497,64.693
156.5,95.089,56.7935,67.95175,69.3925,55.12625,68.46525,63.642625,81.50475,99.59925,66.4575,78.1805,92.9235,76.476,72.524,69.0755,69.69375,65.6790191007077,80.53475,65.5715
157.0,101.452,53.00725,62.9365,65.261,55.0335,77.3115,61.332,86.868,96.6755,67.40225,79.61075,82.52025,79.42699999999999,72.989,77.338,67.652,70.1869227809996,79.57249999999999,66.44999999999999
158.0,107.815,49.221,57.92125,61.1295,54.94075,86.15775000000001,65.82625,84.20275,93.75175,68.347,81.041,72.117,82.378,73.454,85.6005,72.20025,74.6948264612915,78.61025,67.32849999999999
159.0,114.178,47.66425,52.906,56.998,54.848,95.004,70.3205,81.5375,90.828,69.911,72.1695,71.7365,85.329,73.919,93.863,76.7485,75.86804083297696,77.648,68.207
159.5,120.541,46.1075,56.218,70.54425,57.9445,84.299,74.81475,78.87225,79.7715,71.475,63.298,71.356,79.39649999999999,78.4165,88.92525,81.29675,77.0412552046624,77.719,67.66175
160.0,114.73666666666666,44.55075,59.53,84.0905,61.041,73.594,79.309,76.207,68.715,73.03899999999999,54.4265,70.9755,73.464,82.914,83.9875,85.845,83.51934923334261,77.78999999999999,67.1165
161.0,108.93233333333332,42.994,62.842,97.63675,64.13749999999999,62.889,79.846,,57.6585,74.603,45.555,70.595,67.5315,87.4115,79.04975,80.98125,89.9974432620228,77.861,66.57124999999999
162.0,103.128,44.367,66.154,111.183,67.234,52.184,80.383,,46.602,74.44175,56.5215,67.76775,61.599,91.909,74.112,76.1175,96.8189940551119,77.932,66.026
162.5,99.686,45.74,58.7395,104.22275,63.341,52.47075,80.91999999999999,,50.06175,74.28049999999999,67.488,64.9405,69.38066666666667,84.34087500000001,69.17425,71.25375,103.640544848201,75.816,69.26025
163.0,96.244,47.113,51.325,97.2625,59.44799999999999,52.7575,81.457,,53.5215,74.11925,78.4545,62.11325,77.16233333333334,76.77275,64.2365,66.39,89.26240840973225,73.7,72.49449999999999
164.0,92.802,48.486,43.9105,90.30225,55.555,53.044250000000005,,,56.98125,73.958,89.421,59.286,84.944,69.20462500000001,59.29875,66.97749999999999,74.8842719712635,71.584,75.72874999999999
165.0,89.36,51.3,36.496,83.342,51.662,53.331,,,60.441,70.76875,94.877,59.0475,92.72566666666668,61.636500000000005,54.361,67.565,74.0842622189474,69.468,78.963
165.5,80.11775,54.114,38.24775,96.186,59.19025,53.254000000000005,,,68.4935,67.5795,100.333,58.809,100.50733333333336,54.068375,,68.1525,73.2842524666313,75.558,75.04025
166.0,70.8755,56.928,39.9995,109.03,66.7185,53.17700000000001,,,76.54599999999999,64.39025,105.789,58.5705,108.28900000000002,46.50025000000001,,68.74,70.5046107878747,81.648,71.11749999999999
167.0,61.63325,59.742,41.75125,121.874,74.24675,53.1,,,84.5985,61.201,111.245,58.332,116.07066666666668,38.932125000000006,,67.708,67.7249691091181,87.738,67.19475
168.0,52.391,63.14125,43.503,134.718,81.775,53.023,,,92.651,63.309875,116.701,,123.85233333333336,31.364,,66.67599999999999,66.71405868011291,93.828,63.272
168.5,56.1965,66.5405,49.1195,124.35075,76.49900000000001,56.523,,,87.86224999999999,65.41875,122.157,,131.634,34.5835,,65.64399999999999,65.7031482511077,85.45975,69.71225
169.0,60.002,69.93975,54.736,113.9835,71.223,60.023,,,83.0735,67.527625,127.613,,139.41566666666668,37.803,,64.612,69.2983679215032,77.0915,76.1525
170.0,63.8075,73.339,60.3525,103.61625,65.947,63.523,,,78.28475,69.6365,133.069,,147.19733333333335,41.0225,,73.566,72.8935875918987,68.72325000000001,82.59275
171.0,67.613,65.2025,65.969,93.249,60.671,67.023,,,73.496,71.745375,119.19575,,154.979,44.242,,82.52,68.16115765515025,60.355,89.033
171.5,61.03025,57.066,71.5855,92.17575,64.65025,70.719,,,73.28399999999999,73.85425000000001,105.3225,,131.7615,49.451,,91.474,63.4287277184018,66.983,94.4455
172.0,54.4475,48.9295,77.202,91.1025,68.6295,74.41499999999999,,,73.072,75.963125,91.44925,,108.544,54.66,,100.428,65.4368902433373,73.611,99.858
173.0,47.86475,40.793,82.8185,90.02925,72.60875,78.111,,,72.86,78.072,77.576,,85.32650000000001,59.869,,92.995,67.4450527682728,80.239,105.2705
174.0,41.282,49.17075,88.435,88.956,76.588,81.807,,,72.648,75.66,72.07575,,62.109,65.078,,85.562,,86.867,110.683
174.5,51.6715,57.5485,88.77275,89.63675,74.93599999999999,79.673,,,74.82675,73.248,66.5755,,60.57325,76.92325,,78.12899999999999,,,
175.0,62.061,65.92625000000001,89.1105,90.3175,73.28399999999999,77.539,,,77.0055,70.83600000000001,61.07525,,59.0375,88.7685,,70.696,,,
176.0,72.4505,74.304,89.44825,90.99825,71.632,75.405,,,79.18424999999999,68.424,55.575,,57.50175,100.61375,,70.51075,,,
177.0,82.84,82.37625,89.786,91.679,69.98,73.271,,,81.363,65.91775000000001,58.54675,,55.966,112.459,,70.3255,,,
177.5,82.1975,90.4485,93.4715,93.28775,72.97475,73.67425,,,78.30575,63.4115,61.5185,,55.023,,,70.14025,,,
178.0,81.555,98.52075,97.157,94.8965,75.96950000000001,74.0775,,,75.2485,60.90525,64.49025,,54.08,,,69.955,,,
179.0,80.9125,106.593,100.8425,96.50525,78.96425,74.48075,,,72.19125,58.399,67.462,,53.137,,,88.09166666666667,,,
180.0,80.27,,104.528,98.114,81.959,74.884,,,69.134,57.571666666666665,66.586,,52.194,,,106.22833333333332,,,
181.0,84.511,,93.18366666666668,95.97266666666668,79.40966666666667,,,,74.91933333333333,56.74433333333334,65.71000000000001,,,,,124.365,,,
182.0,88.752,,81.83933333333334,93.83133333333332,76.86033333333334,,,,80.70466666666667,55.917,64.834,,,,,115.882,,,
183.0,92.993,,70.495,91.69,74.311,,,,86.49,52.81,,,,,,107.399,,,
184.0,90.12233333333332,,69.56966666666666,,74.53266666666667,,,,,49.703,,,,,,98.916,,,
185.0,87.25166666666667,,68.64433333333334,,74.75433333333334,,,,,46.596,,,,,,,,,
186.0,84.381,,67.719,,74.976,,,,,,,,,,,,,,
189.0,140.643,,65.308,,,,,,,,,,,,,,,,
192.0,105.851,,71.459,,,,,,,,,,,,,,,,
195.0,74.578,,,,,,,,,,,,,,,,,,
198.0,71.45,,,,,,,,,,,,,,,,,,
201.0,76.462,,,,,,,,,,,,,,,,,,
